data_ora_utc,prezzo_eur,var_24h_pct,var_dal_precedente_pct,fear_greed,fear_greed_classe
2026-08-27 18:03,69064,2.65,0.10,71,Greed
2026-08-27 18:18,68770,2.07,5.80,71,Greed
2026-08-28 21:51,66804,-2.82,-2.86,73,Greed
2026-08-28 22:02,66796,-3.01,-0.01,73,Greed
2026-08-28 22:17,66834,-3.08,0.06,73,Greed
2026-08-28 22:32,66959,-2.73,0.19,73,Greed
2026-08-28 22:47,67092,-2.58,0.20,73,Greed
2026-08-28 23:02,67111,-2.58,0.03,73,Greed
2026-08-28 23:17,67118,-2.49,0.01,73,Greed
2026-08-28 23:32,67054,-2.69,-0.10,73,Greed
2026-08-28 23:47,67057,-2.63,0.00,73,Greed
2026-08-29 00:02,67169,-2.44,0.17,68,Greed
2026-08-29 00:17,67176,-2.60,0.01,68,Greed
2026-08-29 00:32,67236,-2.56,0.09,68,Greed
2026-08-29 00:47,67144,-2.69,-0.14,68,Greed
2026-08-29 01:02,67095,-3.04,-0.07,68,Greed
2026-08-29 01:17,67021,-3.33,-0.11,68,Greed
2026-08-29 01:32,67143,-3.53,0.18,68,Greed
2026-08-29 01:47,67170,-3.16,0.04,68,Greed
2026-08-29 02:02,67151,-2.74,-0.03,68,Greed
2026-08-29 02:17,67113,-2.52,-0.06,68,Greed
2026-08-29 02:32,67005,-2.39,-0.16,68,Greed
2026-08-29 02:47,67018,-2.32,0.02,68,Greed
2026-08-29 03:02,67054,-2.23,0.05,68,Greed
2026-08-29 03:17,67054,-2.27,0.00,68,Greed
2026-08-29 03:32,67051,-2.29,-0.00,68,Greed
2026-08-29 03:47,67000,-2.20,-0.08,68,Greed
2026-08-29 04:02,66909,-2.40,-0.14,68,Greed
2026-08-29 04:17,66973,-2.41,0.10,68,Greed
2026-08-29 04:32,66990,-2.28,0.03,68,Greed
2026-08-29 04:47,67002,-2.14,0.02,68,Greed
2026-08-29 05:02,67026,-1.96,0.04,68,Greed
2026-08-29 05:17,67070,-1.94,0.07,68,Greed
2026-08-29 05:32,67038,-2.12,-0.05,68,Greed
2026-08-29 05:47,67059,-2.19,0.03,68,Greed
2026-08-29 06:03,67010,-2.21,-0.07,68,Greed
2026-08-29 06:17,66893,-2.49,-0.17,68,Greed
2026-08-29 06:32,66819,-2.51,-0.11,68,Greed
2026-08-29 06:47,66854,-2.53,0.05,68,Greed
2026-08-29 07:02,66867,-2.51,0.02,68,Greed
2026-08-29 07:17,66861,-2.38,-0.01,68,Greed
2026-08-29 07:32,66915,-2.34,0.08,68,Greed
2026-08-29 07:47,67028,-1.98,0.17,68,Greed
2026-08-29 08:02,67008,-2.08,-0.03,68,Greed
2026-08-29 08:17,66914,-2.31,-0.14,68,Greed
2026-08-29 08:32,66968,-2.26,0.08,68,Greed
2026-08-29 08:47,66949,-2.09,-0.03,68,Greed
2026-08-29 09:02,67022,-1.72,0.11,68,Greed
2026-08-29 09:17,67025,-1.73,0.00,68,Greed
2026-08-29 09:32,67008,-1.74,-0.03,68,Greed
2026-08-29 09:47,67041,-1.62,0.05,68,Greed
2026-08-29 10:02,67029,-1.61,-0.02,68,Greed
2026-08-29 10:17,66983,-1.55,-0.07,68,Greed
2026-08-29 10:32,67044,-1.59,0.09,68,Greed
2026-08-29 10:47,67059,-1.55,0.02,68,Greed
2026-08-29 11:02,67020,-1.91,-0.06,68,Greed
2026-08-29 11:17,67083,-1.94,0.09,68,Greed
2026-08-29 11:32,67058,-1.98,-0.04,68,Greed
2026-08-29 11:47,67024,-1.95,-0.05,68,Greed
2026-08-29 12:02,66972,-2.03,-0.08,68,Greed
2026-08-29 12:17,66981,-2.02,0.01,68,Greed
2026-08-29 12:32,66970,-1.93,-0.02,68,Greed
2026-08-29 12:47,66964,-1.84,-0.01,68,Greed
2026-08-29 13:02,66976,-1.80,0.02,68,Greed
2026-08-29 13:17,67025,-1.61,0.07,68,Greed
2026-08-29 13:32,67036,-1.53,0.02,68,Greed
2026-08-29 13:47,67038,-1.41,0.00,68,Greed
2026-08-29 14:02,67071,-1.39,0.05,68,Greed
2026-08-29 14:17,67059,-0.91,-0.02,68,Greed
2026-08-29 14:32,67077,-1.34,0.03,68,Greed
2026-08-29 14:47,67271,-1.68,0.29,68,Greed
2026-08-29 15:02,67341,-1.84,0.10,68,Greed
2026-08-29 15:17,67274,-1.56,-0.10,68,Greed
2026-08-29 15:32,67204,-1.52,-0.10,68,Greed
2026-08-29 15:47,67212,-1.12,0.01,68,Greed
2026-08-29 16:02,67216,-0.34,0.01,68,Greed
2026-08-29 16:17,67305,0.25,0.13,68,Greed
2026-08-29 16:32,67275,0.40,-0.04,68,Greed
2026-08-29 16:47,67334,0.12,0.09,68,Greed
2026-08-29 17:02,67348,0.40,0.02,68,Greed
2026-08-29 17:17,67366,0.16,0.03,68,Greed
2026-08-29 17:32,67324,0.09,-0.06,68,Greed
2026-08-29 17:47,67342,0.19,0.03,68,Greed
2026-08-29 18:02,67435,0.27,0.14,68,Greed
2026-08-29 18:17,67392,0.40,-0.06,68,Greed
2026-08-29 18:32,67363,0.67,-0.04,68,Greed
2026-08-29 18:47,67456,0.99,0.14,68,Greed
2026-08-29 19:02,67466,0.71,0.01,68,Greed
2026-08-29 19:17,67586,0.81,0.18,68,Greed
2026-08-29 19:32,67540,0.74,-0.07,68,Greed
2026-08-29 19:47,67546,0.96,0.01,68,Greed
2026-08-29 20:02,67484,0.80,-0.09,68,Greed
2026-08-29 20:17,67531,0.96,0.07,68,Greed
2026-08-29 20:32,67482,0.94,-0.07,68,Greed
2026-08-29 20:47,67446,0.94,-0.05,68,Greed
2026-08-29 21:02,67439,0.95,-0.01,68,Greed
2026-08-29 21:17,67478,1.00,0.06,68,Greed
2026-08-29 21:32,67422,0.84,-0.08,68,Greed
2026-08-29 21:47,67420,0.84,-0.00,68,Greed
2026-08-29 22:02,67471,1.02,0.08,68,Greed
2026-08-29 22:17,67464,0.95,-0.01,68,Greed
2026-08-29 22:32,67456,0.75,-0.01,68,Greed
2026-08-29 22:47,67496,0.59,0.06,68,Greed
2026-08-29 23:02,67536,0.64,0.06,68,Greed
2026-08-29 23:17,67538,0.70,0.00,68,Greed
2026-08-29 23:32,67567,0.75,0.04,68,Greed
2026-08-29 23:47,67553,0.75,-0.02,68,Greed
2026-08-30 00:03,67525,0.50,-0.04,69,Greed
2026-08-30 00:17,67484,0.46,-0.06,69,Greed
2026-08-30 00:32,67522,0.45,0.06,69,Greed
2026-08-30 00:47,67514,0.56,-0.01,69,Greed
2026-08-30 01:02,67494,0.60,-0.03,69,Greed
2026-08-30 01:17,67394,0.55,-0.15,69,Greed
2026-08-30 01:32,67351,0.31,-0.06,69,Greed
2026-08-30 01:47,67420,0.44,0.10,69,Greed
2026-08-30 02:02,67406,0.39,-0.02,69,Greed
2026-08-30 02:17,67393,0.45,-0.02,69,Greed
2026-08-30 02:32,67372,0.55,-0.03,69,Greed
2026-08-30 02:47,67424,0.60,0.08,69,Greed
2026-08-30 03:02,67429,0.53,0.01,69,Greed
2026-08-30 03:17,67407,0.53,-0.03,69,Greed
2026-08-30 03:32,67468,0.62,0.09,69,Greed
2026-08-30 03:47,67490,0.77,0.03,69,Greed
2026-08-30 04:02,67461,0.82,-0.04,69,Greed
2026-08-30 04:17,67474,0.74,0.02,69,Greed
2026-08-30 04:32,67451,0.69,-0.03,69,Greed
2026-08-30 04:47,67359,0.53,-0.14,69,Greed
2026-08-30 05:02,67426,0.60,0.10,69,Greed
2026-08-30 05:17,67464,0.59,0.06,69,Greed
2026-08-30 05:32,67459,0.63,-0.01,69,Greed
2026-08-30 05:47,67444,0.57,-0.02,69,Greed
2026-08-30 06:02,67447,0.66,0.00,69,Greed
2026-08-30 06:17,67439,0.80,-0.01,69,Greed
2026-08-30 06:33,67491,0.94,0.08,69,Greed
2026-08-30 06:47,67547,1.03,0.08,69,Greed
2026-08-30 07:02,67577,1.03,0.04,69,Greed
2026-08-30 07:17,67557,1.02,-0.03,69,Greed
2026-08-30 07:32,67531,0.90,-0.04,69,Greed
2026-08-30 07:47,67465,0.65,-0.10,69,Greed
2026-08-30 08:02,67437,0.68,-0.04,69,Greed
2026-08-30 08:17,67463,0.82,0.04,69,Greed
2026-08-30 08:32,67461,0.74,-0.00,69,Greed
2026-08-30 08:47,67387,0.65,-0.11,69,Greed
2026-08-30 09:02,67399,0.58,0.02,69,Greed
2026-08-30 09:17,67418,0.58,0.03,69,Greed
2026-08-30 09:32,67345,0.50,-0.11,69,Greed
2026-08-30 09:47,67361,0.48,0.02,69,Greed
2026-08-30 10:02,67331,0.46,-0.04,69,Greed
2026-08-30 10:17,67351,0.49,0.03,69,Greed
2026-08-30 10:32,67378,0.50,0.04,69,Greed
2026-08-30 10:47,67430,0.55,0.08,69,Greed
2026-08-30 11:02,67455,0.65,0.04,69,Greed
2026-08-30 11:17,67472,0.58,0.03,69,Greed
2026-08-30 11:32,67510,0.68,0.06,69,Greed
2026-08-30 11:47,67498,0.71,-0.02,69,Greed
2026-08-30 12:02,67476,0.75,-0.03,69,Greed
2026-08-30 12:17,67846,1.26,0.55,69,Greed
2026-08-30 12:32,67842,1.29,-0.01,69,Greed
2026-08-30 12:47,67914,1.41,0.11,69,Greed
2026-08-30 13:02,67975,1.49,0.09,69,Greed
2026-08-30 13:17,68487,2.15,0.75,69,Greed
2026-08-30 13:32,68559,2.25,0.11,69,Greed
2026-08-30 13:47,68623,2.36,0.09,69,Greed
2026-08-30 14:02,68678,2.39,0.08,69,Greed
2026-08-30 14:17,68724,2.49,0.07,69,Greed
2026-08-30 14:32,68679,2.39,-0.07,69,Greed
2026-08-30 14:47,68575,1.83,-0.15,69,Greed
2026-08-30 15:02,68612,1.96,0.05,69,Greed
2026-08-30 15:18,68501,1.80,-0.16,69,Greed
2026-08-30 15:32,68623,2.13,0.18,69,Greed
2026-08-30 15:47,68664,2.16,0.06,69,Greed
2026-08-30 16:02,68653,2.12,-0.02,69,Greed
2026-08-30 16:17,68897,2.23,0.36,69,Greed
2026-08-30 16:32,68841,2.35,-0.08,69,Greed
2026-08-30 16:47,68960,2.40,0.17,69,Greed
2026-08-30 17:02,69086,2.57,0.18,69,Greed
2026-08-30 17:17,68915,2.25,-0.25,69,Greed
2026-08-30 17:32,68738,2.10,-0.26,69,Greed
2026-08-30 17:47,68833,2.21,0.14,69,Greed
2026-08-30 18:02,68805,2.05,-0.04,69,Greed
2026-08-30 18:17,68658,1.88,-0.21,69,Greed
2026-08-30 18:32,68750,2.08,0.13,69,Greed
2026-08-30 18:47,68873,2.10,0.18,69,Greed
2026-08-30 19:02,68829,2.02,-0.06,69,Greed
2026-08-30 19:17,68227,0.93,-0.87,69,Greed
2026-08-30 19:32,68120,0.88,-0.16,69,Greed
2026-08-30 19:47,68022,0.72,-0.14,69,Greed
2026-08-30 20:02,68071,0.87,0.07,69,Greed
2026-08-30 20:17,68081,0.81,0.01,69,Greed
2026-08-30 20:32,68077,0.91,-0.01,69,Greed
2026-08-30 20:47,67840,0.58,-0.35,69,Greed
2026-08-30 21:02,67863,0.64,0.03,69,Greed
2026-08-30 21:17,67783,0.47,-0.12,69,Greed
2026-08-30 21:32,67898,0.69,0.17,69,Greed
2026-08-30 21:47,67884,0.69,-0.02,69,Greed
2026-08-30 22:02,67874,0.60,-0.01,69,Greed
2026-08-30 22:17,67819,0.51,-0.08,69,Greed
2026-08-30 22:32,67658,0.30,-0.24,69,Greed
2026-08-30 22:47,67731,0.34,0.11,69,Greed
2026-08-30 23:02,67704,0.25,-0.04,69,Greed
2026-08-30 23:17,67636,0.15,-0.10,69,Greed
2026-08-30 23:32,67052,-0.76,-0.86,69,Greed
2026-08-30 23:47,66844,-1.05,-0.31,69,Greed
2026-08-31 00:03,66963,-0.83,0.18,62,Greed
2026-08-31 00:17,67058,-0.66,0.14,62,Greed
2026-08-31 00:32,67217,-0.46,0.24,62,Greed
2026-08-31 00:47,67294,-0.32,0.11,62,Greed
2026-08-31 01:02,67216,-0.39,-0.12,62,Greed
2026-08-31 01:17,66975,-0.60,-0.36,62,Greed
2026-08-31 01:32,67102,-0.36,0.19,62,Greed
2026-08-31 01:47,67046,-0.55,-0.08,62,Greed
2026-08-31 02:02,66955,-0.67,-0.14,62,Greed
2026-08-31 02:17,67221,-0.27,0.40,62,Greed
2026-08-31 02:32,67168,-0.29,-0.08,62,Greed
2026-08-31 02:47,67060,-0.53,-0.16,62,Greed
2026-08-31 03:02,66791,-0.97,-0.40,62,Greed
2026-08-31 03:17,66978,-0.63,0.28,62,Greed
2026-08-31 03:32,67015,-0.68,0.06,62,Greed
2026-08-31 03:47,67130,-0.53,0.17,62,Greed
2026-08-31 04:02,67076,-0.57,-0.08,62,Greed
2026-08-31 04:17,66917,-0.84,-0.24,62,Greed
2026-08-31 04:32,66865,-0.83,-0.08,62,Greed
2026-08-31 04:47,66904,-0.68,0.06,62,Greed
2026-08-31 05:02,66938,-0.73,0.05,62,Greed
2026-08-31 05:17,67082,-0.56,0.22,62,Greed
2026-08-31 05:32,67290,-0.25,0.31,62,Greed
2026-08-31 05:47,67279,-0.25,-0.02,62,Greed
2026-08-31 06:02,67264,-0.26,-0.02,62,Greed
2026-08-31 06:17,67338,-0.15,0.11,62,Greed
2026-08-31 06:32,67306,-0.27,-0.05,62,Greed
2026-08-31 06:47,67362,-0.26,0.08,62,Greed
2026-08-31 07:02,67380,-0.28,0.03,62,Greed
2026-08-31 07:17,67417,-0.19,0.05,62,Greed
2026-08-31 07:32,67445,-0.12,0.04,62,Greed
2026-08-31 07:47,67469,0.01,0.04,62,Greed
2026-08-31 08:02,67382,-0.08,-0.13,62,Greed
2026-08-31 08:17,67369,-0.16,-0.02,62,Greed
2026-08-31 08:32,67318,-0.20,-0.08,62,Greed
2026-08-31 08:47,67510,0.20,0.29,62,Greed
2026-08-31 09:02,67679,0.41,0.25,62,Greed
2026-08-31 09:17,67784,0.55,0.16,62,Greed
2026-08-31 09:32,67807,0.68,0.03,62,Greed
2026-08-31 09:47,67843,0.71,0.05,62,Greed
2026-08-31 10:02,67677,0.51,-0.24,62,Greed
2026-08-31 10:17,67628,0.41,-0.07,62,Greed
2026-08-31 10:32,67564,0.25,-0.09,62,Greed
2026-08-31 10:47,67680,0.36,0.17,62,Greed
2026-08-31 11:02,67800,0.50,0.18,62,Greed
2026-08-31 11:17,67760,0.43,-0.06,62,Greed
2026-08-31 11:32,67621,0.19,-0.21,62,Greed
2026-08-31 11:47,67568,0.11,-0.08,62,Greed
2026-08-31 12:02,67495,-0.01,-0.11,62,Greed
2026-08-31 12:17,67585,-0.36,0.13,62,Greed
2026-08-31 12:32,67331,-0.76,-0.38,62,Greed
2026-08-31 12:47,67155,-1.12,-0.26,62,Greed
2026-08-31 13:02,67215,-1.95,0.09,62,Greed
2026-08-31 13:17,67294,-1.71,0.12,62,Greed
2026-08-31 13:32,67244,-1.89,-0.07,62,Greed
2026-08-31 13:47,67213,-2.12,-0.05,62,Greed
2026-08-31 14:02,67129,-2.25,-0.12,62,Greed
2026-08-31 14:17,67131,-2.28,0.00,62,Greed
2026-08-31 14:32,67210,-2.14,0.12,62,Greed
2026-08-31 14:47,67665,-1.32,0.68,62,Greed
2026-08-31 15:02,67669,-1.34,0.01,62,Greed
2026-08-31 15:18,67396,-1.66,-0.40,62,Greed
2026-08-31 15:32,67546,-1.58,0.22,62,Greed
2026-08-31 15:47,67706,-1.40,0.24,62,Greed
2026-08-31 16:02,67605,-1.52,-0.15,62,Greed
2026-08-31 16:17,67707,-1.80,0.15,62,Greed
2026-08-31 16:32,67677,-1.68,-0.04,62,Greed
2026-08-31 16:47,67770,-1.74,0.14,62,Greed
2026-08-31 17:02,67682,-1.96,-0.13,62,Greed
2026-08-31 17:17,67742,-1.61,0.09,62,Greed
2026-08-31 17:32,67568,-1.67,-0.26,62,Greed
2026-08-31 17:47,67912,-1.36,0.51,62,Greed
2026-08-31 18:02,67898,-1.35,-0.02,62,Greed
2026-08-31 18:17,67932,-1.08,0.05,62,Greed
2026-08-31 18:32,67916,-1.37,-0.02,62,Greed
2026-08-31 18:47,68157,-1.03,0.35,62,Greed
2026-08-31 19:02,68039,-1.13,-0.17,62,Greed
2026-08-31 19:17,68139,-0.07,0.15,62,Greed
2026-08-31 19:32,68072,-0.11,-0.10,62,Greed
2026-08-31 19:47,67976,-0.07,-0.14,62,Greed
2026-08-31 20:02,67907,-0.28,-0.10,62,Greed
2026-08-31 20:17,67965,-0.19,0.09,62,Greed
2026-08-31 20:32,67944,-0.07,-0.03,62,Greed
2026-08-31 20:47,67908,0.10,-0.05,62,Greed
2026-08-31 21:02,67875,0.18,-0.05,62,Greed
2026-08-31 21:17,67858,0.07,-0.03,62,Greed
2026-08-31 21:32,67964,0.02,0.16,62,Greed
2026-08-31 21:47,68021,0.25,0.08,62,Greed
2026-08-31 22:02,67978,0.01,-0.06,62,Greed
2026-08-31 22:17,67888,0.11,-0.13,62,Greed
2026-08-31 22:32,67784,0.19,-0.15,62,Greed
2026-08-31 22:47,67710,-0.02,-0.11,62,Greed
2026-08-31 23:02,67638,0.01,-0.11,62,Greed
2026-08-31 23:17,67551,-0.10,-0.13,62,Greed
2026-08-31 23:32,67637,0.74,0.13,62,Greed
2026-08-31 23:47,67613,1.26,-0.04,62,Greed
2026-09-01 00:06,67646,0.86,0.05,69,Greed
2026-09-01 00:34,67770,0.78,0.18,69,Greed
2026-09-01 00:53,67742,0.71,-0.04,69,Greed
2026-09-01 01:04,67702,0.79,-0.06,69,Greed
2026-09-01 01:21,67674,0.87,-0.04,69,Greed
2026-09-01 01:34,67513,0.70,-0.24,69,Greed
2026-09-01 01:49,67584,0.79,0.11,69,Greed
2026-09-01 02:03,67470,0.79,-0.17,69,Greed
2026-09-01 02:22,67381,0.33,-0.13,69,Greed
2026-09-01 02:35,67465,0.47,0.12,69,Greed
2026-09-01 02:48,67483,0.66,0.03,69,Greed
2026-09-01 03:04,67545,0.96,0.09,69,Greed
2026-09-01 03:24,67575,0.87,0.04,69,Greed
2026-09-01 03:36,67778,1.11,0.30,69,Greed
2026-09-01 03:50,67791,0.97,0.02,69,Greed
2026-09-01 04:04,67814,1.26,0.03,69,Greed
2026-09-01 04:23,67821,1.42,0.01,69,Greed
2026-09-01 04:36,67880,1.58,0.09,69,Greed
2026-09-01 04:49,67843,1.45,-0.05,69,Greed
2026-09-01 05:03,67833,1.40,-0.01,69,Greed
2026-09-01 05:22,67901,0.99,0.10,69,Greed
2026-09-01 05:35,68085,1.11,0.27,69,Greed
2026-09-01 05:48,68155,1.28,0.10,69,Greed
2026-09-01 06:05,68134,1.20,-0.03,69,Greed
2026-09-01 06:29,67943,0.94,-0.28,69,Greed
2026-09-01 06:45,67973,0.90,0.04,69,Greed
2026-09-01 07:04,67854,0.74,-0.18,69,Greed
2026-09-01 07:24,67877,0.63,0.03,69,Greed
2026-09-01 07:36,67897,0.73,0.03,69,Greed
2026-09-01 07:49,67783,0.51,-0.17,69,Greed
2026-09-01 08:04,67779,0.66,-0.01,69,Greed
2026-09-01 08:26,67453,0.33,-0.48,69,Greed
2026-09-01 08:39,67259,-0.15,-0.29,69,Greed
2026-09-01 08:51,67239,-0.51,-0.03,69,Greed
2026-09-01 09:04,67152,-0.72,-0.13,69,Greed
2026-09-01 09:24,67180,-1.01,0.04,69,Greed
2026-09-01 09:37,67189,-0.91,0.01,69,Greed
2026-09-01 09:51,67214,-0.84,0.04,69,Greed
2026-09-01 10:04,67235,-0.54,0.03,69,Greed
2026-09-01 10:27,67270,-0.47,0.05,69,Greed
2026-09-01 10:40,67374,-0.45,0.15,69,Greed
2026-09-01 10:51,67400,-0.44,0.04,69,Greed
2026-09-01 11:04,67241,-0.81,-0.24,69,Greed
2026-09-01 11:22,67250,-0.67,0.01,69,Greed
2026-09-01 11:35,67300,-0.44,0.07,69,Greed
2026-09-01 11:48,67368,-0.24,0.10,69,Greed
2026-09-01 12:05,67265,-0.58,-0.15,69,Greed
2026-09-01 12:29,67278,-0.12,0.02,69,Greed
2026-09-01 12:44,67170,0.03,-0.16,69,Greed
2026-09-01 12:56,67270,0.27,0.15,69,Greed
2026-09-01 13:06,67144,-0.21,-0.19,69,Greed
2026-09-01 13:24,67105,-0.19,-0.06,69,Greed
2026-09-01 13:36,67117,-0.03,0.02,69,Greed
2026-09-01 13:49,67150,-0.16,0.05,69,Greed
2026-09-01 14:04,67372,0.34,0.33,69,Greed
2026-09-01 14:24,67374,0.42,0.00,69,Greed
2026-09-01 14:37,67498,0.22,0.18,69,Greed
2026-09-01 14:54,67498,-0.12,0.00,69,Greed
2026-09-01 15:03,67268,-0.49,-0.34,69,Greed
2026-09-01 15:42,67189,-0.57,-0.12,69,Greed
2026-09-01 16:26,66909,-1.08,-0.42,69,Greed
2026-09-01 16:47,66857,-1.30,-0.08,69,Greed
2026-09-01 17:04,66970,-1.14,0.17,69,Greed
2026-09-01 17:22,66900,-1.10,-0.10,69,Greed
2026-09-01 17:34,66899,-1.09,-0.00,69,Greed
2026-09-01 17:47,66883,-1.46,-0.02,69,Greed
2026-09-01 18:05,66639,-1.79,-0.36,69,Greed
2026-09-01 18:27,66511,-2.00,-0.19,69,Greed
2026-09-01 18:40,66258,-2.53,-0.38,69,Greed
2026-09-01 18:51,66062,-2.95,-0.30,69,Greed
2026-09-01 19:03,66555,-2.21,0.75,69,Greed
2026-09-01 19:20,66597,-2.13,0.06,69,Greed
2026-09-01 19:33,66713,-1.96,0.17,69,Greed
2026-09-01 19:47,66685,-1.94,-0.04,69,Greed
2026-09-01 20:04,66668,-1.88,-0.03,69,Greed
2026-09-01 20:22,66778,-1.96,0.16,69,Greed
2026-09-01 20:35,66735,-1.65,-0.06,69,Greed
2026-09-01 20:48,66728,-1.74,-0.01,69,Greed
2026-09-01 21:04,66752,-1.60,0.04,69,Greed
2026-09-01 21:22,66407,-2.14,-0.52,69,Greed
2026-09-01 21:34,66505,-2.14,0.15,69,Greed
2026-09-01 21:47,66537,-2.16,0.05,69,Greed
2026-09-01 22:03,66572,-2.02,0.05,69,Greed
2026-09-01 22:21,66582,-1.86,0.02,69,Greed
2026-09-01 22:34,66425,-1.95,-0.24,69,Greed
2026-09-01 22:47,66553,-1.67,0.19,69,Greed
2026-09-01 23:03,66633,-1.31,0.12,69,Greed
2026-09-01 23:19,66641,-1.37,0.01,69,Greed
2026-09-01 23:32,66741,-1.32,0.15,69,Greed
2026-09-01 23:47,66849,-1.13,0.16,69,Greed
2026-09-02 00:06,66781,-1.36,-0.10,63,Greed
2026-09-02 00:32,66662,-1.65,-0.18,63,Greed
2026-09-02 00:51,66615,-1.71,-0.07,63,Greed
2026-09-02 01:03,66644,-1.54,0.04,63,Greed
2026-09-02 01:20,66737,-1.40,0.14,63,Greed
2026-09-02 01:34,66563,-1.40,-0.26,63,Greed
2026-09-02 01:59,66401,-1.66,-0.24,63,Greed
2026-09-02 02:20,66584,-1.16,0.28,63,Greed
2026-09-02 02:44,66618,-1.29,0.05,63,Greed
2026-09-02 02:55,66677,-1.27,0.09,63,Greed
2026-09-02 03:04,66798,-1.10,0.18,63,Greed
2026-09-02 03:22,66961,-0.91,0.24,63,Greed
2026-09-02 03:36,66953,-1.22,-0.01,63,Greed
2026-09-02 03:48,66989,-1.17,0.05,63,Greed
2026-09-02 04:04,66903,-1.34,-0.13,63,Greed
2026-09-02 04:25,66829,-1.53,-0.11,63,Greed
2026-09-02 04:36,66907,-1.35,0.12,63,Greed
2026-09-02 04:49,66985,-1.28,0.12,63,Greed
2026-09-02 05:03,66939,-1.38,-0.07,63,Greed
2026-09-02 05:26,67065,-1.19,0.19,63,Greed
2026-09-02 05:38,67062,-1.54,-0.00,63,Greed
2026-09-02 05:49,67104,-1.55,0.06,63,Greed
2026-09-02 06:05,67042,-1.59,-0.09,63,Greed
2026-09-02 06:33,66921,-1.59,-0.18,63,Greed
2026-09-02 06:53,66995,-1.34,0.11,63,Greed
2026-09-02 07:04,67076,-1.13,0.12,63,Greed
2026-09-02 07:23,67058,-1.21,-0.03,63,Greed
2026-09-02 07:35,67019,-1.30,-0.06,63,Greed
2026-09-02 07:49,66977,-1.23,-0.06,63,Greed
2026-09-02 08:04,66861,-1.31,-0.17,63,Greed
2026-09-02 08:25,66731,-0.97,-0.19,63,Greed
2026-09-02 08:37,66586,-1.01,-0.22,63,Greed
2026-09-02 08:50,66371,-1.22,-0.32,63,Greed
2026-09-02 09:04,66473,-0.97,0.15,63,Greed
2026-09-02 09:24,66391,-1.18,-0.12,63,Greed
2026-09-02 09:36,66249,-1.38,-0.21,63,Greed
2026-09-02 09:49,66169,-1.56,-0.12,63,Greed
2026-09-02 10:04,66210,-1.50,0.06,63,Greed
2026-09-02 10:24,66257,-1.44,0.07,63,Greed
2026-09-02 10:36,66120,-1.81,-0.21,63,Greed
2026-09-02 10:49,66127,-1.87,0.01,63,Greed
2026-09-02 11:04,66175,-1.63,0.07,63,Greed
2026-09-02 11:23,66109,-1.66,-0.10,63,Greed
2026-09-02 11:35,66116,-1.77,0.01,63,Greed
2026-09-02 11:48,66161,-1.75,0.07,63,Greed
2026-09-02 12:05,66294,-1.46,0.20,63,Greed
2026-09-02 12:29,66458,-1.19,0.25,63,Greed
2026-09-02 12:46,66311,-1.35,-0.22,63,Greed
2026-09-02 13:04,66247,-1.37,-0.10,63,Greed
2026-09-02 13:24,66224,-1.29,-0.03,63,Greed
2026-09-02 13:37,66174,-1.16,-0.08,63,Greed
2026-09-02 13:51,66563,-1.08,0.59,63,Greed
2026-09-02 14:04,66430,-1.37,-0.20,63,Greed
2026-09-02 14:24,66694,-1.00,0.40,63,Greed
2026-09-02 14:37,66560,-1.42,-0.20,63,Greed
2026-09-02 14:51,66583,-1.38,0.03,63,Greed
2026-09-02 15:09,66457,-0.91,-0.19,63,Greed
2026-09-02 15:28,66402,-1.04,-0.08,63,Greed
2026-09-02 15:43,66502,-1.03,0.15,63,Greed
2026-09-02 15:54,66537,-1.13,0.05,63,Greed
2026-09-02 16:04,66609,-0.80,0.11,63,Greed
2026-09-02 16:25,66835,-0.08,0.34,63,Greed
2026-09-02 16:37,66853,0.02,0.03,63,Greed
2026-09-02 16:51,66626,-0.42,-0.34,63,Greed
2026-09-02 17:03,66599,-0.57,-0.04,63,Greed
2026-09-02 17:22,66465,-0.72,-0.20,63,Greed
2026-09-02 17:34,66512,-0.56,0.07,63,Greed
2026-09-02 17:47,66728,-0.08,0.32,63,Greed
2026-09-02 18:05,66743,0.13,0.02,63,Greed
2026-09-02 18:27,66828,0.48,0.13,63,Greed
2026-09-02 18:39,66750,0.77,-0.12,63,Greed
2026-09-02 18:50,66705,0.80,-0.07,63,Greed
2026-09-02 19:03,66752,0.35,0.07,63,Greed
2026-09-02 19:21,66708,0.13,-0.07,63,Greed
2026-09-02 19:32,66588,-0.16,-0.18,63,Greed
2026-09-02 19:48,66643,-0.03,0.08,63,Greed
2026-09-02 20:04,66723,0.11,0.12,63,Greed
2026-09-02 20:24,66737,-0.03,0.02,63,Greed
2026-09-02 20:36,66788,0.05,0.08,63,Greed
2026-09-02 20:49,66722,0.02,-0.10,63,Greed
2026-09-02 21:04,66716,-0.08,-0.01,63,Greed
2026-09-02 21:21,66645,0.31,-0.11,63,Greed
2026-09-02 21:34,66645,0.27,0.00,63,Greed
2026-09-02 21:48,66735,0.30,0.14,63,Greed
2026-09-02 22:04,66654,0.14,-0.12,63,Greed
2026-09-02 22:22,66534,-0.06,-0.18,63,Greed
2026-09-02 22:36,66496,0.06,-0.06,63,Greed
2026-09-02 22:48,66513,-0.08,0.03,63,Greed
2026-09-02 23:03,66456,-0.26,-0.09,63,Greed
2026-09-02 23:20,66574,-0.12,0.18,63,Greed
2026-09-02 23:33,66642,-0.18,0.10,63,Greed
2026-09-02 23:47,66591,-0.36,-0.08,63,Greed
2026-09-03 00:06,66753,-0.07,0.24,65,Greed
2026-09-03 00:33,66448,-0.36,-0.46,65,Greed
2026-09-03 00:52,66498,-0.19,0.08,65,Greed
2026-09-03 01:03,66418,-0.32,-0.12,65,Greed
2026-09-03 01:26,66757,0.04,0.51,65,Greed
2026-09-03 01:38,66759,0.41,0.00,65,Greed
2026-09-03 01:50,66688,0.48,-0.11,65,Greed
2026-09-03 02:08,66697,0.16,0.01,65,Greed
2026-09-03 05:06,67057,0.20,0.54,65,Greed
2026-09-03 05:42,66735,-0.50,-0.48,65,Greed
2026-09-03 05:57,66974,-0.08,0.36,65,Greed
2026-09-03 06:13,66982,-0.10,0.01,65,Greed
2026-09-03 06:33,66995,0.12,0.02,65,Greed
2026-09-03 06:52,67008,-0.00,0.02,65,Greed
2026-09-03 07:05,67079,-0.01,0.11,65,Greed
2026-09-03 07:24,67103,0.07,0.04,65,Greed
2026-09-03 07:37,67103,0.16,0.00,65,Greed
2026-09-03 07:50,67022,0.08,-0.12,65,Greed
2026-09-03 08:04,66955,0.18,-0.10,65,Greed
2026-09-03 08:25,67060,0.48,0.16,65,Greed
2026-09-03 08:38,67151,0.84,0.14,65,Greed
2026-09-03 08:51,67032,1.03,-0.18,65,Greed
2026-09-03 09:04,66996,0.73,-0.05,65,Greed
2026-09-03 09:24,67058,1.20,0.09,65,Greed
2026-09-03 09:37,66969,1.21,-0.13,65,Greed
2026-09-03 09:50,66937,1.09,-0.05,65,Greed
2026-09-03 10:04,66847,0.98,-0.13,65,Greed
2026-09-03 10:24,66941,1.07,0.14,65,Greed
2026-09-03 10:36,66848,1.06,-0.14,65,Greed
2026-09-03 10:48,66805,1.02,-0.06,65,Greed
2026-09-03 11:04,66974,1.19,0.25,65,Greed
2026-09-03 11:21,67093,1.49,0.18,65,Greed
2026-09-03 11:35,67101,1.45,0.01,65,Greed
2026-09-03 11:48,67139,1.47,0.06,65,Greed
2026-09-03 12:05,67081,1.28,-0.09,65,Greed
2026-09-03 12:29,67125,1.01,0.07,65,Greed
2026-09-03 12:46,67330,1.54,0.31,65,Greed
2026-09-03 13:04,67605,2.01,0.41,65,Greed
2026-09-03 13:24,67588,2.04,-0.03,65,Greed
2026-09-03 13:36,67606,2.12,0.03,65,Greed
2026-09-03 13:50,67826,1.94,0.33,65,Greed
2026-09-03 14:04,67774,1.98,-0.08,65,Greed
2026-09-03 14:25,68144,2.28,0.55,65,Greed
2026-09-03 14:37,68597,3.08,0.66,65,Greed
2026-09-03 14:51,69040,3.69,0.65,65,Greed
2026-09-03 15:04,69427,4.58,0.56,65,Greed
2026-09-03 15:26,69450,4.60,0.03,65,Greed
2026-09-03 15:38,69570,4.46,0.17,65,Greed
2026-09-03 15:49,69507,4.40,-0.09,65,Greed
2026-09-03 16:04,69839,4.87,0.48,65,Greed
2026-09-03 16:24,69498,3.98,-0.49,65,Greed
2026-09-03 16:36,69529,4.13,0.04,65,Greed
2026-09-03 16:50,69548,4.33,0.03,65,Greed
2026-09-03 17:04,69561,4.51,0.02,65,Greed
2026-09-03 17:23,69636,4.81,0.11,65,Greed
2026-09-03 17:36,69664,4.61,0.04,65,Greed
2026-09-03 17:50,69748,4.47,0.12,65,Greed
2026-09-03 18:04,69696,4.44,-0.07,65,Greed
2026-09-03 18:26,69678,4.26,-0.03,65,Greed
2026-09-03 18:40,69626,4.38,-0.07,65,Greed
2026-09-03 18:52,69653,4.34,0.04,65,Greed
2026-09-03 19:03,69812,4.62,0.23,65,Greed
2026-09-03 19:20,69864,4.71,0.07,65,Greed
2026-09-03 19:32,70134,5.34,0.39,65,Greed
2026-09-03 19:47,70177,5.30,0.06,65,Greed
2026-09-03 20:04,70045,4.89,-0.19,65,Greed
2026-09-03 20:22,70064,4.99,0.03,65,Greed
2026-09-03 20:35,70092,4.92,0.04,65,Greed
2026-09-03 20:48,70056,5.03,-0.05,65,Greed
2026-09-03 21:04,70063,5.02,0.01,65,Greed
2026-09-03 21:22,70126,5.19,0.09,65,Greed
2026-09-03 21:34,70441,5.70,0.45,65,Greed
2026-09-03 21:47,70133,5.11,-0.44,65,Greed
2026-09-03 22:03,70104,5.19,-0.04,65,Greed
2026-09-03 22:22,69952,5.21,-0.22,65,Greed
2026-09-03 22:33,69770,4.92,-0.26,65,Greed
2026-09-03 22:47,69870,5.03,0.14,65,Greed
2026-09-03 23:03,69799,4.97,-0.10,65,Greed
2026-09-03 23:20,69858,4.93,0.08,65,Greed
2026-09-03 23:33,69839,4.84,-0.03,65,Greed
2026-09-03 23:47,69871,4.93,0.05,65,Greed
2026-09-04 00:06,69814,4.60,-0.08,74,Greed
2026-09-04 00:31,69800,5.05,-0.02,74,Greed
2026-09-04 00:51,69786,4.95,-0.02,74,Greed
2026-09-04 01:03,69665,4.84,-0.17,74,Greed
2026-09-04 01:19,69652,4.39,-0.02,74,Greed
2026-09-04 01:34,69559,4.13,-0.13,74,Greed
2026-09-04 01:49,69473,4.17,-0.12,74,Greed
2026-09-04 02:04,69550,4.25,0.11,74,Greed
2026-09-04 02:23,69443,3.91,-0.15,74,Greed
2026-09-04 02:35,69476,3.53,0.05,74,Greed
2026-09-04 02:49,69403,3.46,-0.11,74,Greed
2026-09-04 03:04,69578,3.76,0.25,74,Greed
2026-09-04 03:23,69579,3.74,0.00,74,Greed
2026-09-04 03:36,69515,3.78,-0.09,74,Greed
2026-09-04 03:49,69581,3.95,0.09,74,Greed
2026-09-04 04:04,69545,3.77,-0.05,74,Greed
2026-09-04 04:23,69754,4.27,0.30,74,Greed
2026-09-04 04:36,69839,4.43,0.12,74,Greed
2026-09-04 04:49,69733,4.24,-0.15,74,Greed
2026-09-04 05:03,69663,3.88,-0.10,74,Greed
2026-09-04 05:22,69700,4.53,0.05,74,Greed
2026-09-04 05:35,69610,4.47,-0.13,74,Greed
2026-09-04 05:48,69647,4.32,0.05,74,Greed
2026-09-04 06:04,69588,3.88,-0.08,74,Greed
2026-09-04 06:28,69524,3.75,-0.09,74,Greed
2026-09-04 06:42,69429,3.64,-0.14,74,Greed
2026-09-04 06:55,69402,3.59,-0.04,74,Greed
2026-09-04 07:05,69512,3.63,0.16,74,Greed
2026-09-04 07:23,69573,3.64,0.09,74,Greed
2026-09-04 07:36,69528,3.62,-0.06,74,Greed
2026-09-04 07:50,69413,3.60,-0.17,74,Greed
2026-09-04 08:04,69383,3.46,-0.04,74,Greed
2026-09-04 08:25,69575,3.71,0.28,74,Greed
2026-09-04 08:38,69768,3.90,0.28,74,Greed
2026-09-04 08:51,69789,4.16,0.03,74,Greed
2026-09-04 09:04,69792,4.17,0.00,74,Greed
2026-09-04 09:24,69679,3.92,-0.16,74,Greed
2026-09-04 09:37,69753,4.12,0.11,74,Greed
2026-09-04 09:50,69803,4.34,0.07,74,Greed
2026-09-04 10:04,69761,4.34,-0.06,74,Greed
2026-09-04 10:24,69572,3.92,-0.27,74,Greed
2026-09-04 10:36,69725,4.34,0.22,74,Greed
2026-09-04 10:50,69772,4.37,0.07,74,Greed
2026-09-04 11:04,69782,4.17,0.01,74,Greed
2026-09-04 11:22,69882,4.27,0.14,74,Greed
2026-09-04 11:35,69943,4.23,0.09,74,Greed
2026-09-04 11:49,69894,4.17,-0.07,74,Greed
2026-09-04 12:05,69877,4.19,-0.02,74,Greed
2026-09-04 12:28,69898,4.13,0.03,74,Greed
2026-09-04 12:44,68952,2.41,-1.35,74,Greed
2026-09-04 12:56,68634,1.63,-0.46,74,Greed
2026-09-04 13:06,68521,1.39,-0.16,74,Greed
2026-09-04 13:23,68394,1.22,-0.19,74,Greed
2026-09-04 13:36,68243,0.87,-0.22,74,Greed
2026-09-04 13:50,68571,1.12,0.48,74,Greed
2026-09-04 14:04,68459,1.01,-0.16,74,Greed
2026-09-04 14:23,68147,0.06,-0.46,74,Greed
2026-09-04 14:36,68321,-0.48,0.26,74,Greed
2026-09-04 14:49,67952,-1.69,-0.54,74,Greed
2026-09-04 15:04,67865,-2.41,-0.13,74,Greed
2026-09-04 15:24,68168,-1.81,0.45,74,Greed
2026-09-04 15:36,68343,-1.74,0.26,74,Greed
2026-09-04 15:49,68439,-1.54,0.14,74,Greed
2026-09-04 16:04,68334,-2.10,-0.15,74,Greed
2026-09-04 16:24,68402,-1.58,0.10,74,Greed
2026-09-04 16:35,68579,-1.33,0.26,74,Greed
2026-09-04 16:48,68687,-1.21,0.16,74,Greed
2026-09-04 17:03,68592,-1.34,-0.14,74,Greed
2026-09-04 17:21,68523,-1.61,-0.10,74,Greed
2026-09-04 17:33,68502,-1.64,-0.03,74,Greed
2026-09-04 17:48,68429,-1.89,-0.11,74,Greed
2026-09-04 18:04,68506,-1.80,0.11,74,Greed
2026-09-04 18:23,68555,-1.67,0.07,74,Greed
2026-09-04 18:36,68564,-1.45,0.01,74,Greed
2026-09-04 18:49,68584,-1.50,0.03,74,Greed
2026-09-04 19:03,68652,-1.68,0.10,74,Greed
2026-09-04 19:18,68635,-1.74,-0.02,74,Greed
2026-09-04 19:33,68657,-1.94,0.03,74,Greed
2026-09-04 19:47,68596,-2.27,-0.09,74,Greed
2026-09-04 20:03,68706,-1.92,0.16,74,Greed
2026-09-04 20:22,68734,-1.83,0.04,74,Greed
2026-09-04 20:35,68684,-2.00,-0.07,74,Greed
2026-09-04 20:47,68651,-2.02,-0.05,74,Greed
2026-09-04 21:03,68636,-1.96,-0.02,74,Greed
2026-09-04 21:21,68706,-2.07,0.10,74,Greed
2026-09-04 21:34,68712,-2.52,0.01,74,Greed
2026-09-04 21:47,68692,-2.02,-0.03,74,Greed
2026-09-04 22:03,68605,-2.10,-0.13,74,Greed
2026-09-04 22:21,68631,-1.90,0.04,74,Greed
2026-09-04 22:33,68628,-1.58,-0.00,74,Greed
2026-09-04 22:47,68605,-1.82,-0.03,74,Greed
2026-09-04 23:03,68553,-1.79,-0.08,74,Greed
2026-09-04 23:20,68556,-1.91,0.00,74,Greed
2026-09-04 23:32,68662,-1.63,0.15,74,Greed
2026-09-04 23:47,68604,-1.81,-0.08,74,Greed
2026-09-05 00:06,68580,-1.74,-0.03,73,Greed
2026-09-05 00:32,68589,-1.83,0.01,73,Greed
2026-09-05 00:51,68541,-1.74,-0.07,73,Greed
2026-09-05 01:03,68529,-1.66,-0.02,73,Greed
2026-09-05 01:20,68603,-1.43,0.11,73,Greed
2026-09-05 01:33,68614,-1.32,0.02,73,Greed
2026-09-05 01:48,68580,-1.33,-0.05,73,Greed
2026-09-05 02:04,68461,-1.56,-0.17,73,Greed
2026-09-05 02:22,68523,-1.29,0.09,73,Greed
2026-09-05 02:35,68507,-1.39,-0.02,73,Greed
2026-09-05 02:48,68520,-1.25,0.02,73,Greed
2026-09-05 03:04,68513,-1.56,-0.01,73,Greed
2026-09-05 03:22,68529,-1.51,0.02,73,Greed
2026-09-05 03:35,68532,-1.41,0.00,73,Greed
2026-09-05 03:48,68558,-1.50,0.04,73,Greed
2026-09-05 04:03,68510,-1.48,-0.07,73,Greed
2026-09-05 04:22,68508,-1.79,-0.00,73,Greed
2026-09-05 04:35,68499,-1.92,-0.01,73,Greed
2026-09-05 04:47,68484,-1.80,-0.02,73,Greed
2026-09-05 05:03,68456,-1.75,-0.04,73,Greed
2026-09-05 05:21,68497,-1.75,0.06,73,Greed
2026-09-05 05:34,68523,-1.56,0.04,73,Greed
2026-09-05 05:47,68474,-1.70,-0.07,73,Greed
2026-09-05 06:04,68526,-1.54,0.08,73,Greed
2026-09-05 06:26,68576,-1.37,0.07,73,Greed
2026-09-05 06:39,68577,-1.05,0.00,73,Greed
2026-09-05 06:50,68602,-1.23,0.04,73,Greed
2026-09-05 07:03,68582,-1.33,-0.03,73,Greed
2026-09-05 07:20,68622,-1.42,0.06,73,Greed
2026-09-05 07:33,68639,-1.31,0.02,73,Greed
2026-09-05 07:47,68654,-1.10,0.02,73,Greed
2026-09-05 08:04,68616,-1.10,-0.06,73,Greed
2026-09-05 08:22,68597,-1.38,-0.03,73,Greed
2026-09-05 08:34,68537,-1.72,-0.09,73,Greed
2026-09-05 08:47,68553,-1.74,0.02,73,Greed
2026-09-05 09:03,68592,-1.76,0.06,73,Greed
2026-09-05 09:21,68619,-1.64,0.04,73,Greed
2026-09-05 09:36,68620,-1.64,0.00,73,Greed
2026-09-05 09:47,68585,-1.83,-0.05,73,Greed
2026-09-05 10:03,68566,-1.73,-0.03,73,Greed
2026-09-05 10:21,68555,-1.47,-0.02,73,Greed
2026-09-05 10:33,68548,-1.61,-0.01,73,Greed
2026-09-05 10:47,68538,-1.76,-0.01,73,Greed
2026-09-05 11:03,68555,-1.78,0.02,73,Greed
2026-09-05 11:20,68559,-1.82,0.01,73,Greed
2026-09-05 11:32,68558,-1.97,-0.00,73,Greed
2026-09-05 11:47,68552,-1.95,-0.01,73,Greed
2026-09-05 12:04,68581,-1.87,0.04,73,Greed
2026-09-05 12:26,68597,-1.80,0.02,73,Greed
2026-09-05 12:39,68614,0.05,0.02,73,Greed
2026-09-05 12:51,68653,0.18,0.06,73,Greed
2026-09-05 13:03,68636,0.14,-0.02,73,Greed
2026-09-05 13:20,68627,0.38,-0.01,73,Greed
2026-09-05 13:33,68672,0.41,0.07,73,Greed
2026-09-05 13:47,68581,0.36,-0.13,73,Greed
2026-09-05 14:03,68571,0.15,-0.01,73,Greed
2026-09-05 14:21,68605,0.69,0.05,73,Greed
2026-09-05 14:33,68649,0.49,0.06,73,Greed
2026-09-05 14:47,68649,0.86,0.00,73,Greed
2026-09-05 15:03,68658,1.06,0.01,73,Greed
2026-09-05 15:21,68619,0.64,-0.06,73,Greed
2026-09-05 15:33,68636,0.43,0.02,73,Greed
2026-09-05 15:47,68667,0.34,0.05,73,Greed
2026-09-05 16:04,68724,0.51,0.08,73,Greed
2026-09-05 16:22,68733,0.49,0.01,73,Greed
2026-09-05 16:34,68837,0.34,0.15,73,Greed
2026-09-05 16:47,68832,0.21,-0.01,73,Greed
2026-09-05 17:03,68927,0.53,0.14,73,Greed
2026-09-05 17:20,68920,0.58,-0.01,73,Greed
2026-09-05 17:32,68902,0.58,-0.03,73,Greed
2026-09-05 17:47,68925,0.74,0.03,73,Greed
2026-09-05 18:04,68925,0.61,0.00,73,Greed
2026-09-05 18:23,68881,0.49,-0.06,73,Greed
2026-09-05 18:37,68861,0.51,-0.03,73,Greed
2026-09-05 18:49,68843,0.40,-0.03,73,Greed
2026-09-05 19:03,68856,0.32,0.02,73,Greed
2026-09-05 19:20,68829,0.19,-0.04,73,Greed
2026-09-05 19:32,68858,0.32,0.04,73,Greed
2026-09-05 19:47,68754,0.20,-0.15,73,Greed
2026-09-05 20:03,68698,-0.07,-0.08,73,Greed
2026-09-05 20:21,68627,-0.15,-0.10,73,Greed
2026-09-05 20:34,68644,-0.05,0.02,73,Greed
2026-09-05 20:47,68687,0.06,0.06,73,Greed
2026-09-05 21:03,68665,0.03,-0.03,73,Greed
2026-09-05 21:20,68714,-0.01,0.07,73,Greed
2026-09-05 21:32,68757,0.07,0.06,73,Greed
2026-09-05 21:47,68802,0.13,0.07,73,Greed
2026-09-05 22:04,68822,0.31,0.03,73,Greed
2026-09-05 22:20,68774,0.22,-0.07,73,Greed
2026-09-05 22:32,68738,0.16,-0.05,73,Greed
2026-09-05 22:47,68687,0.12,-0.07,73,Greed
2026-09-05 23:03,68687,0.19,0.00,73,Greed
2026-09-05 23:20,68697,0.20,0.01,73,Greed
2026-09-05 23:32,68712,0.11,0.02,73,Greed
2026-09-05 23:47,68731,0.20,0.03,73,Greed
2026-09-06 00:06,68773,0.28,0.06,73,Greed
2026-09-06 00:35,68801,0.30,0.04,73,Greed
2026-09-06 00:54,68796,0.32,-0.01,73,Greed
2026-09-06 01:03,68792,0.40,-0.01,73,Greed
2026-09-06 01:20,68866,0.38,0.11,73,Greed
2026-09-06 01:34,68814,0.30,-0.08,73,Greed
2026-09-06 01:49,68866,0.43,0.08,73,Greed
2026-09-06 02:03,68868,0.61,0.00,73,Greed
2026-09-06 02:22,68836,0.46,-0.05,73,Greed
2026-09-06 02:35,68824,0.47,-0.02,73,Greed
2026-09-06 02:48,68784,0.39,-0.06,73,Greed
2026-09-06 03:04,68800,0.44,0.02,73,Greed
2026-09-06 03:22,68841,0.47,0.06,73,Greed
2026-09-06 03:36,68834,0.44,-0.01,73,Greed
2026-09-06 03:48,68946,0.56,0.16,73,Greed
2026-09-06 04:03,68904,0.60,-0.06,73,Greed
2026-09-06 04:22,68819,0.45,-0.12,73,Greed
2026-09-06 04:35,68808,0.45,-0.02,73,Greed
2026-09-06 04:48,68818,0.50,0.01,73,Greed
2026-09-06 05:04,68777,0.53,-0.06,73,Greed
2026-09-06 05:21,68715,0.32,-0.09,73,Greed
2026-09-06 05:34,68754,0.33,0.06,73,Greed
2026-09-06 05:47,68896,0.62,0.21,73,Greed
2026-09-06 06:04,68837,0.45,-0.09,73,Greed
2026-09-06 06:26,68761,0.28,-0.11,73,Greed
2026-09-06 06:40,68728,0.14,-0.05,73,Greed
2026-09-06 06:51,68659,0.08,-0.10,73,Greed
2026-09-06 07:03,68696,0.11,0.05,73,Greed
2026-09-06 07:21,68695,0.12,-0.00,73,Greed
2026-09-06 07:34,68737,0.14,0.06,73,Greed
2026-09-06 07:47,68735,0.08,-0.00,73,Greed
2026-09-06 08:04,68716,0.15,-0.03,73,Greed
2026-09-06 08:24,68730,0.19,0.02,73,Greed
2026-09-06 08:36,68706,0.28,-0.03,73,Greed
2026-09-06 08:49,68688,0.20,-0.03,73,Greed
2026-09-06 09:03,68731,0.17,0.06,73,Greed
2026-09-06 09:22,68824,0.29,0.14,73,Greed
2026-09-06 09:35,68870,0.36,0.07,73,Greed
2026-09-06 09:47,68757,0.25,-0.16,73,Greed
2026-09-06 10:03,68795,0.33,0.06,73,Greed
2026-09-06 10:22,68860,0.45,0.09,73,Greed
2026-09-06 10:34,68864,0.42,0.01,73,Greed
2026-09-06 10:47,68889,0.51,0.04,73,Greed
2026-09-06 11:03,68866,0.44,-0.03,73,Greed
2026-09-06 11:21,68850,0.42,-0.02,73,Greed
2026-09-06 11:33,68806,0.35,-0.06,73,Greed
2026-09-06 11:47,68827,0.40,0.03,73,Greed
2026-09-06 12:04,68806,0.32,-0.03,73,Greed
2026-09-06 12:26,68873,0.40,0.10,73,Greed
2026-09-06 12:40,68852,0.34,-0.03,73,Greed
2026-09-06 12:51,68829,0.26,-0.03,73,Greed
2026-09-06 13:03,68805,0.25,-0.03,73,Greed
2026-09-06 13:21,68740,0.16,-0.09,73,Greed
2026-09-06 13:34,68705,0.06,-0.05,73,Greed
2026-09-06 13:47,68708,0.15,0.00,73,Greed
2026-09-06 14:03,68721,0.18,0.02,73,Greed
2026-09-06 14:21,68684,0.11,-0.05,73,Greed
2026-09-06 14:34,68511,-0.22,-0.25,73,Greed
2026-09-06 14:47,68614,-0.05,0.15,73,Greed
2026-09-06 15:04,68388,-0.39,-0.33,73,Greed
2026-09-06 15:21,68529,-0.20,0.21,73,Greed
2026-09-06 15:34,68551,-0.12,0.03,73,Greed
2026-09-06 15:47,68611,-0.10,0.09,73,Greed
2026-09-06 16:04,68623,-0.17,0.02,73,Greed
2026-09-06 16:23,68616,-0.18,-0.01,73,Greed
2026-09-06 16:35,68663,-0.25,0.07,73,Greed
2026-09-06 16:47,68614,-0.31,-0.07,73,Greed
2026-09-06 17:03,68590,-0.49,-0.03,73,Greed
2026-09-06 17:20,68587,-0.48,-0.00,73,Greed
2026-09-06 17:33,68612,-0.44,0.04,73,Greed
2026-09-06 17:47,68655,-0.41,0.06,73,Greed
2026-09-06 18:04,68661,-0.36,0.01,73,Greed
2026-09-06 18:23,68773,-0.17,0.16,73,Greed
2026-09-06 18:36,68819,-0.06,0.07,73,Greed
2026-09-06 18:48,68822,-0.03,0.00,73,Greed
2026-09-06 19:03,68803,-0.04,-0.03,73,Greed
2026-09-06 19:20,68749,-0.11,-0.08,73,Greed
2026-09-06 19:32,68740,-0.17,-0.01,73,Greed
2026-09-06 19:47,68711,-0.03,-0.04,73,Greed
2026-09-06 20:04,68726,0.07,0.02,73,Greed
2026-09-06 20:22,68765,0.12,0.06,73,Greed
2026-09-06 20:35,68834,0.29,0.10,73,Greed
2026-09-06 20:47,68836,0.22,0.00,73,Greed
2026-09-06 21:03,68826,0.24,-0.01,73,Greed
2026-09-06 21:20,68900,0.24,0.11,73,Greed
2026-09-06 21:33,68801,0.06,-0.14,73,Greed
2026-09-06 21:48,68871,0.14,0.10,73,Greed
2026-09-06 22:03,68835,0.02,-0.05,73,Greed
2026-09-06 22:21,68586,-0.26,-0.36,73,Greed
2026-09-06 22:33,68730,-0.01,0.21,73,Greed
2026-09-06 22:47,68851,0.25,0.18,73,Greed
2026-09-06 23:03,68927,0.37,0.11,73,Greed
2026-09-06 23:21,69056,0.51,0.19,73,Greed
2026-09-06 23:33,69001,0.41,-0.08,73,Greed
2026-09-06 23:47,69218,0.67,0.31,73,Greed
2026-09-07 00:06,69164,0.57,-0.08,71,Greed
2026-09-07 00:35,69031,0.33,-0.19,71,Greed
2026-09-07 00:54,68973,0.27,-0.08,71,Greed
2026-09-07 01:04,69015,0.27,0.06,71,Greed
2026-09-07 01:22,68793,-0.06,-0.32,71,Greed
2026-09-07 01:35,68827,-0.01,0.05,71,Greed
2026-09-07 01:50,68762,-0.11,-0.09,71,Greed
2026-09-07 02:04,68812,-0.02,0.07,71,Greed
2026-09-07 02:23,68860,0.05,0.07,71,Greed
2026-09-07 02:36,68901,0.11,0.06,71,Greed
2026-09-07 02:50,69108,0.48,0.30,71,Greed
2026-09-07 03:04,68756,-0.07,-0.51,71,Greed
2026-09-07 03:24,68746,-0.12,-0.01,71,Greed
2026-09-07 03:38,68655,-0.29,-0.13,71,Greed
2026-09-07 03:51,68596,-0.43,-0.09,71,Greed
2026-09-07 04:03,68546,-0.51,-0.07,71,Greed
2026-09-07 04:24,68624,-0.26,0.11,71,Greed
2026-09-07 04:38,68520,-0.41,-0.15,71,Greed
2026-09-07 04:51,68624,-0.27,0.15,71,Greed
2026-09-07 05:04,68654,-0.19,0.04,71,Greed
2026-09-07 05:23,68739,0.01,0.12,71,Greed
2026-09-07 05:37,68758,-0.14,0.03,71,Greed
2026-09-07 05:50,68757,-0.15,-0.00,71,Greed
2026-09-07 06:05,68669,-0.25,-0.13,71,Greed
2026-09-07 06:31,68616,-0.15,-0.08,71,Greed
2026-09-07 06:55,68574,-0.16,-0.06,71,Greed
2026-09-07 07:06,68553,-0.21,-0.03,71,Greed
2026-09-07 07:25,68477,-0.35,-0.11,71,Greed
2026-09-07 07:39,68217,-0.71,-0.38,71,Greed
2026-09-07 07:51,68298,-0.65,0.12,71,Greed
2026-09-07 08:04,68318,-0.58,0.03,71,Greed
2026-09-07 08:26,68308,-0.60,-0.01,71,Greed
2026-09-07 08:40,68296,-0.59,-0.02,71,Greed
2026-09-07 08:52,68321,-0.53,0.04,71,Greed
2026-09-07 09:04,68354,-0.59,0.05,71,Greed
2026-09-07 09:26,68376,-0.68,0.03,71,Greed
2026-09-07 09:39,68252,-0.80,-0.18,71,Greed
2026-09-07 09:52,68327,-0.63,0.11,71,Greed
2026-09-07 10:04,68280,-0.76,-0.07,71,Greed
2026-09-07 10:24,68310,-0.80,0.04,71,Greed
2026-09-07 10:37,68313,-0.80,0.00,71,Greed
2026-09-07 10:50,68301,-0.83,-0.02,71,Greed
2026-09-07 11:04,68274,-0.87,-0.04,71,Greed
2026-09-07 11:24,68347,-0.70,0.11,71,Greed
2026-09-07 11:37,68355,-0.66,0.01,71,Greed
2026-09-07 11:50,68304,-0.78,-0.07,71,Greed
2026-09-07 12:05,68330,-0.69,0.04,71,Greed
2026-09-07 12:30,68393,-0.68,0.09,71,Greed
2026-09-07 12:53,68399,-0.65,0.01,71,Greed
2026-09-07 13:05,68421,-0.59,0.03,71,Greed
2026-09-07 13:26,68488,-0.34,0.10,71,Greed
2026-09-07 13:39,68253,-0.70,-0.34,71,Greed
2026-09-07 13:52,68239,-0.69,-0.02,71,Greed
2026-09-07 14:04,68246,-0.67,0.01,71,Greed
2026-09-07 14:24,67992,-0.86,-0.37,71,Greed
2026-09-07 14:37,67971,-0.78,-0.03,71,Greed
2026-09-07 14:51,67982,-0.89,0.02,71,Greed
2026-09-07 15:03,68055,-0.54,0.11,71,Greed
2026-09-07 15:24,68016,-0.78,-0.06,71,Greed
2026-09-07 15:37,67791,-1.11,-0.33,71,Greed
2026-09-07 15:50,67766,-1.25,-0.04,71,Greed
2026-09-07 16:04,67815,-1.15,0.07,71,Greed
2026-09-07 16:24,67814,-1.15,-0.00,71,Greed
2026-09-07 16:37,67886,-1.10,0.11,71,Greed
2026-09-07 16:50,67908,-1.02,0.03,71,Greed
2026-09-07 17:03,67944,-0.94,0.05,71,Greed
2026-09-07 17:22,68066,-0.81,0.18,71,Greed
2026-09-07 17:35,68044,-0.87,-0.03,71,Greed
2026-09-07 17:49,68080,-0.84,0.05,71,Greed
2026-09-07 18:04,68101,-0.85,0.03,71,Greed
2026-09-07 18:26,68078,-1.02,-0.03,71,Greed
2026-09-07 18:41,68049,-1.14,-0.04,71,Greed
2026-09-07 18:52,68130,-1.01,0.12,71,Greed
2026-09-07 19:03,68123,-0.98,-0.01,71,Greed
2026-09-07 19:21,68113,-0.92,-0.01,71,Greed
2026-09-07 19:34,68201,-0.77,0.13,71,Greed
2026-09-07 19:48,68262,-0.66,0.09,71,Greed
2026-09-07 20:04,68282,-0.64,0.03,71,Greed
2026-09-07 20:23,68156,-0.93,-0.18,71,Greed
2026-09-07 20:36,68164,-0.98,0.01,71,Greed
2026-09-07 20:49,68135,-0.99,-0.04,71,Greed
2026-09-07 21:04,68170,-0.97,0.05,71,Greed
2026-09-07 21:23,68165,-0.99,-0.01,71,Greed
2026-09-07 21:35,68140,-0.99,-0.04,71,Greed
2026-09-07 21:49,68126,-1.05,-0.02,71,Greed
2026-09-07 22:03,68067,-1.07,-0.09,71,Greed
2026-09-07 22:22,67988,-0.89,-0.12,71,Greed
2026-09-07 22:34,68007,-1.13,0.03,71,Greed
2026-09-07 22:47,67796,-1.54,-0.31,71,Greed
2026-09-07 23:04,67924,-1.68,0.19,71,Greed
2026-09-07 23:21,68021,-1.51,0.14,71,Greed
2026-09-07 23:33,67928,-1.59,-0.14,71,Greed
2026-09-07 23:47,68019,-1.83,0.13,71,Greed
2026-09-08 00:06,67994,-1.71,-0.04,69,Greed
2026-09-08 00:34,67962,-1.53,-0.05,69,Greed
2026-09-08 00:54,68170,-1.14,0.31,69,Greed
2026-09-08 01:05,68190,-1.19,0.03,69,Greed
2026-09-08 01:23,68202,-0.89,0.02,69,Greed
2026-09-08 01:36,68195,-0.93,-0.01,69,Greed
2026-09-08 01:51,68190,-0.83,-0.01,69,Greed
2026-09-08 02:04,68243,-0.82,0.08,69,Greed
2026-09-08 02:24,68215,-0.90,-0.04,69,Greed
2026-09-08 02:38,68103,-1.26,-0.16,69,Greed
2026-09-08 02:50,68055,-1.53,-0.07,69,Greed
2026-09-08 03:04,67929,-1.33,-0.19,69,Greed
2026-09-08 03:24,67775,-1.40,-0.23,69,Greed
2026-09-08 03:38,67904,-1.09,0.19,69,Greed
2026-09-08 03:51,67834,-1.10,-0.10,69,Greed
2026-09-08 04:04,67872,-0.99,0.06,69,Greed
2026-09-08 04:24,67808,-1.19,-0.09,69,Greed
2026-09-08 04:38,67772,-1.15,-0.05,69,Greed
2026-09-08 04:51,67770,-1.25,-0.00,69,Greed
2026-09-08 05:03,67649,-1.45,-0.18,69,Greed
2026-09-08 05:23,67806,-1.38,0.23,69,Greed
2026-09-08 05:37,67676,-1.58,-0.19,69,Greed
2026-09-08 05:50,67649,-1.58,-0.04,69,Greed
2026-09-08 06:05,67480,-1.75,-0.25,69,Greed
2026-09-08 06:29,67438,-1.72,-0.06,69,Greed
2026-09-08 06:46,67445,-1.65,0.01,69,Greed
2026-09-08 07:05,67374,-1.68,-0.11,69,Greed
2026-09-08 07:24,67520,-1.40,0.22,69,Greed
2026-09-08 07:38,67570,-0.95,0.07,69,Greed
2026-09-08 07:51,67405,-1.29,-0.24,69,Greed
2026-09-08 08:04,67456,-1.27,0.08,69,Greed
2026-09-08 08:26,67469,-1.22,0.02,69,Greed
2026-09-08 08:40,67598,-1.01,0.19,69,Greed
2026-09-08 08:52,67585,-1.12,-0.02,69,Greed
2026-09-08 09:04,67510,-1.24,-0.11,69,Greed
2026-09-08 09:25,67476,-1.30,-0.05,69,Greed
2026-09-08 09:38,67686,-0.86,0.31,69,Greed
2026-09-08 09:52,67810,-0.77,0.18,69,Greed
2026-09-08 10:04,67765,-0.78,-0.07,69,Greed
2026-09-08 10:25,67925,-0.56,0.24,69,Greed
2026-09-08 10:37,67771,-0.78,-0.23,69,Greed
2026-09-08 10:51,67738,-0.81,-0.05,69,Greed
2026-09-08 11:04,67611,-0.93,-0.19,69,Greed
2026-09-08 11:23,67506,-1.23,-0.16,69,Greed
2026-09-08 11:37,67532,-1.17,0.04,69,Greed
2026-09-08 11:50,67498,-1.19,-0.05,69,Greed
2026-09-08 12:06,67416,-1.32,-0.12,69,Greed
2026-09-08 12:30,67427,-1.42,0.02,69,Greed
2026-09-08 12:48,67435,-1.35,0.01,69,Greed
2026-09-08 13:05,67518,-1.36,0.12,69,Greed
2026-09-08 13:26,67401,-1.59,-0.17,69,Greed
2026-09-08 13:40,67149,-1.69,-0.37,69,Greed
2026-09-08 13:53,66891,-1.95,-0.38,69,Greed
2026-09-08 14:05,67058,-1.71,0.25,69,Greed
2026-09-08 14:26,67398,-0.87,0.51,69,Greed
2026-09-08 14:40,67361,-0.88,-0.05,69,Greed
2026-09-08 14:53,67534,-0.79,0.26,69,Greed
2026-09-08 15:05,67562,-0.67,0.04,69,Greed
2026-09-08 15:26,67487,-0.77,-0.11,69,Greed
2026-09-08 15:40,67530,-0.31,0.06,69,Greed
2026-09-08 15:53,67743,-0.07,0.32,69,Greed
2026-09-08 16:04,67762,-0.12,0.03,69,Greed
2026-09-08 16:27,67673,-0.15,-0.13,69,Greed
2026-09-08 16:40,67772,-0.25,0.15,69,Greed
2026-09-08 16:51,67810,-0.14,0.06,69,Greed
2026-09-08 17:04,67794,-0.22,-0.02,69,Greed
2026-09-08 17:24,67603,-0.66,-0.28,69,Greed
2026-09-08 17:35,67579,-0.66,-0.04,69,Greed
2026-09-08 17:48,67574,-0.75,-0.01,69,Greed
2026-09-08 18:05,67561,-0.79,-0.02,69,Greed
2026-09-08 18:27,67738,-0.51,0.26,69,Greed
2026-09-08 18:42,67577,-0.70,-0.24,69,Greed
2026-09-08 18:56,67443,-1.04,-0.20,69,Greed
2026-09-08 19:04,67418,-1.01,-0.04,69,Greed
2026-09-08 19:22,67466,-0.96,0.07,69,Greed
2026-09-08 19:35,67496,-1.06,0.04,69,Greed
2026-09-08 19:48,67419,-1.24,-0.11,69,Greed
2026-09-08 20:04,67486,-1.14,0.10,69,Greed
2026-09-08 20:23,67516,-0.91,0.04,69,Greed
2026-09-08 20:37,67512,-0.94,-0.01,69,Greed
2026-09-08 20:50,67571,-0.84,0.09,69,Greed
2026-09-08 21:03,67523,-0.96,-0.07,69,Greed
2026-09-08 21:21,67548,-0.91,0.04,69,Greed
2026-09-08 21:34,67542,-0.88,-0.01,69,Greed
2026-09-08 21:48,67541,-0.86,-0.00,69,Greed
2026-09-08 22:04,67550,-0.79,0.01,69,Greed
2026-09-08 22:22,67490,-0.77,-0.09,69,Greed
2026-09-08 22:35,67506,-0.72,0.02,69,Greed
2026-09-08 22:48,67526,-0.51,0.03,69,Greed
2026-09-08 23:04,67568,-0.54,0.06,69,Greed
2026-09-08 23:21,67493,-0.73,-0.11,69,Greed
2026-09-08 23:34,67479,-0.67,-0.02,69,Greed
2026-09-08 23:47,67461,-0.81,-0.03,69,Greed
2026-09-09 00:06,67533,-0.66,0.11,66,Greed
2026-09-09 00:34,67583,-0.58,0.07,66,Greed
2026-09-09 00:53,67720,-0.66,0.20,66,Greed
2026-09-09 01:04,67693,-0.74,-0.04,66,Greed
2026-09-09 01:23,67616,-0.96,-0.11,66,Greed
2026-09-09 01:37,67726,-0.69,0.16,66,Greed
2026-09-09 01:51,67800,-0.58,0.11,66,Greed
2026-09-09 02:04,67829,-0.61,0.04,66,Greed
2026-09-09 02:24,67677,-0.86,-0.22,66,Greed
2026-09-09 02:37,67758,-0.51,0.12,66,Greed
2026-09-09 02:50,67737,-0.46,-0.03,66,Greed
2026-09-09 03:04,67650,-0.38,-0.13,66,Greed
2026-09-09 03:24,67568,-0.34,-0.12,66,Greed
2026-09-09 03:38,67568,-0.49,0.00,66,Greed
2026-09-09 03:50,67604,-0.35,0.05,66,Greed
2026-09-09 04:04,67758,-0.14,0.23,66,Greed
2026-09-09 04:24,67761,-0.04,0.00,66,Greed
2026-09-09 04:37,67819,0.06,0.09,66,Greed
2026-09-09 04:50,68009,0.34,0.28,66,Greed
2026-09-09 05:04,68000,0.39,-0.01,66,Greed
2026-09-09 05:23,68149,0.53,0.22,66,Greed
2026-09-09 05:36,67914,0.35,-0.34,66,Greed
2026-09-09 05:50,67791,0.21,-0.18,66,Greed
2026-09-09 06:05,67811,0.43,0.03,66,Greed
2026-09-09 06:29,67995,0.86,0.27,66,Greed
2026-09-09 06:46,68015,0.80,0.03,66,Greed
2026-09-09 07:05,68013,0.93,-0.00,66,Greed
2026-09-09 07:25,68069,0.82,0.08,66,Greed
2026-09-09 07:37,68066,0.71,-0.00,66,Greed
2026-09-09 07:51,68015,0.97,-0.07,66,Greed
2026-09-09 08:04,68107,0.98,0.14,66,Greed
2026-09-09 08:25,68342,1.28,0.35,66,Greed
2026-09-09 08:38,68490,1.33,0.22,66,Greed
2026-09-09 08:51,68446,1.33,-0.06,66,Greed
2026-09-09 09:04,68466,1.41,0.03,66,Greed
2026-09-09 09:25,68307,1.15,-0.23,66,Greed
2026-09-09 09:38,68230,0.77,-0.11,66,Greed
2026-09-09 09:51,67954,0.19,-0.40,66,Greed
2026-09-09 10:04,67959,0.27,0.01,66,Greed
2026-09-09 10:25,68003,0.10,0.06,66,Greed
2026-09-09 10:38,68030,0.39,0.04,66,Greed
2026-09-09 10:51,67967,0.35,-0.09,66,Greed
2026-09-09 11:04,67841,0.34,-0.19,66,Greed
2026-09-09 11:24,67709,0.25,-0.19,66,Greed
2026-09-09 11:37,67846,0.46,0.20,66,Greed
2026-09-09 11:50,67897,0.61,0.08,66,Greed
2026-09-09 12:05,68130,1.11,0.34,66,Greed
2026-09-09 12:30,68144,1.02,0.02,66,Greed
2026-09-09 12:53,68360,1.38,0.32,66,Greed
2026-09-09 13:04,68297,1.17,-0.09,66,Greed
2026-09-09 13:25,68274,1.29,-0.03,66,Greed
2026-09-09 13:39,68176,1.57,-0.14,66,Greed
2026-09-09 13:52,68093,1.84,-0.12,66,Greed
2026-09-09 14:03,67921,1.33,-0.25,66,Greed
2026-09-09 14:24,67765,0.55,-0.23,66,Greed
2026-09-09 14:39,68110,1.11,0.51,66,Greed
2026-09-09 14:52,67915,0.54,-0.29,66,Greed
2026-09-09 15:04,67634,0.15,-0.41,66,Greed
2026-09-09 15:24,67491,0.01,-0.21,66,Greed
2026-09-09 15:39,67599,0.03,0.16,66,Greed
2026-09-09 15:51,67557,-0.24,-0.06,66,Greed
2026-09-09 16:04,67612,-0.23,0.08,66,Greed
2026-09-09 16:26,67497,-0.23,-0.17,66,Greed
2026-09-09 16:39,67749,-0.07,0.37,66,Greed
2026-09-09 16:51,67699,-0.16,-0.07,66,Greed
2026-09-09 17:03,67686,-0.17,-0.02,66,Greed
2026-09-09 17:23,67721,0.17,0.05,66,Greed
2026-09-09 17:36,67694,0.07,-0.04,66,Greed
2026-09-09 17:49,67606,0.06,-0.13,66,Greed
2026-09-09 18:05,67675,0.21,0.10,66,Greed
2026-09-09 18:27,67531,-0.29,-0.21,66,Greed
2026-09-09 18:41,67529,-0.07,-0.00,66,Greed
2026-09-09 18:52,67488,0.03,-0.06,66,Greed
2026-09-09 19:03,67445,-0.01,-0.06,66,Greed
2026-09-09 19:22,67502,0.06,0.08,66,Greed
2026-09-09 19:34,67519,0.06,0.03,66,Greed
2026-09-09 19:47,67353,-0.10,-0.25,66,Greed
2026-09-09 20:04,67261,-0.34,-0.14,66,Greed
2026-09-09 20:24,67291,-0.36,0.04,66,Greed
2026-09-09 20:36,67274,-0.31,-0.03,66,Greed
2026-09-09 20:49,67286,-0.42,0.02,66,Greed
2026-09-09 21:04,67297,-0.41,0.02,66,Greed
2026-09-09 21:22,67172,-0.57,-0.19,66,Greed
2026-09-09 21:35,67211,-0.47,0.06,66,Greed
2026-09-09 21:48,67183,-0.53,-0.04,66,Greed
2026-09-09 22:03,67145,-0.65,-0.06,66,Greed
2026-09-09 22:22,66965,-0.81,-0.27,66,Greed
2026-09-09 22:35,67016,-0.72,0.08,66,Greed
2026-09-09 22:48,67023,-0.76,0.01,66,Greed
2026-09-09 23:03,66969,-0.89,-0.08,66,Greed
2026-09-09 23:21,67141,-0.51,0.26,66,Greed
2026-09-09 23:34,67157,-0.48,0.02,66,Greed
2026-09-09 23:47,67213,-0.35,0.08,66,Greed
2026-09-10 00:05,67314,-0.33,0.15,69,Greed
2026-09-10 00:29,67257,-0.50,-0.08,69,Greed
2026-09-10 00:45,67208,-0.63,-0.07,69,Greed
2026-09-10 01:04,67218,-0.72,0.01,69,Greed
2026-09-10 01:22,67236,-0.56,0.03,69,Greed
2026-09-10 01:35,67118,-0.90,-0.18,69,Greed
2026-09-10 01:50,67144,-0.98,0.04,69,Greed
2026-09-10 02:04,67069,-1.11,-0.11,69,Greed
2026-09-10 02:24,67026,-1.04,-0.06,69,Greed
2026-09-10 02:37,67137,-0.87,0.17,69,Greed
2026-09-10 02:51,67247,-0.71,0.16,69,Greed
2026-09-10 03:03,67291,-0.53,0.07,69,Greed
2026-09-10 03:24,67319,-0.36,0.04,69,Greed
2026-09-10 03:38,67310,-0.39,-0.01,69,Greed
2026-09-10 03:50,67362,-0.36,0.08,69,Greed
2026-09-10 04:03,67276,-0.72,-0.13,69,Greed
2026-09-10 04:25,67332,-0.69,0.08,69,Greed
2026-09-10 04:38,67335,-0.73,0.00,69,Greed
2026-09-10 04:51,67294,-1.07,-0.06,69,Greed
2026-09-10 05:03,67328,-0.96,0.05,69,Greed
2026-09-10 05:22,67334,-1.17,0.01,69,Greed
2026-09-10 05:36,67399,-0.72,0.10,69,Greed
2026-09-10 05:50,67368,-0.61,-0.05,69,Greed
2026-09-10 06:05,67428,-0.54,0.09,69,Greed
2026-09-10 06:30,67188,-1.18,-0.36,69,Greed
2026-09-10 06:46,67158,-1.26,-0.04,69,Greed
2026-09-10 07:05,67283,-1.07,0.19,69,Greed
2026-09-10 07:25,67121,-1.41,-0.24,69,Greed
2026-09-10 07:37,66942,-1.65,-0.27,69,Greed
2026-09-10 07:51,67028,-1.45,0.13,69,Greed
2026-09-10 08:04,67093,-1.56,0.10,69,Greed
2026-09-10 08:26,67129,-1.81,0.05,69,Greed
2026-09-10 08:40,67105,-1.95,-0.04,69,Greed
2026-09-10 08:52,67094,-1.93,-0.02,69,Greed
2026-09-10 09:04,67120,-1.95,0.04,69,Greed
2026-09-10 09:24,67154,-1.68,0.05,69,Greed
2026-09-10 09:38,67100,-1.64,-0.08,69,Greed
2026-09-10 09:51,67008,-1.39,-0.14,69,Greed
2026-09-10 10:04,66990,-1.44,-0.03,69,Greed
2026-09-10 10:24,67030,-1.43,0.06,69,Greed
2026-09-10 10:37,66979,-1.50,-0.08,69,Greed
2026-09-10 10:51,67067,-1.27,0.13,69,Greed
2026-09-10 11:04,66892,-1.29,-0.26,69,Greed
2026-09-10 11:23,67067,-0.95,0.26,69,Greed
2026-09-10 11:37,67115,-1.09,0.07,69,Greed
2026-09-10 11:49,66998,-1.37,-0.17,69,Greed
2026-09-10 12:05,66962,-1.65,-0.05,69,Greed
2026-09-10 12:29,66860,-1.88,-0.15,69,Greed
2026-09-10 12:47,66478,-2.68,-0.57,69,Greed
2026-09-10 13:04,66327,-2.90,-0.23,69,Greed
2026-09-10 13:23,66178,-3.09,-0.22,69,Greed
2026-09-10 13:36,66235,-3.05,0.09,69,Greed
2026-09-10 13:51,66326,-2.61,0.14,69,Greed
2026-09-10 14:04,66535,-1.90,0.32,69,Greed
2026-09-10 14:24,66315,-2.16,-0.33,69,Greed
2026-09-10 14:38,66469,-2.37,0.23,69,Greed
2026-09-10 14:52,66486,-2.06,0.03,69,Greed
2026-09-10 15:04,66456,-1.80,-0.05,69,Greed
2026-09-10 15:25,66384,-1.35,-0.11,69,Greed
2026-09-10 15:37,66361,-1.83,-0.03,69,Greed
2026-09-10 15:50,66322,-1.83,-0.06,69,Greed
2026-09-10 16:04,66410,-1.85,0.13,69,Greed
2026-09-10 16:23,66211,-1.99,-0.30,69,Greed
2026-09-10 16:36,66150,-2.43,-0.09,69,Greed
2026-09-10 16:50,66386,-1.93,0.36,69,Greed
2026-09-10 17:04,66372,-1.98,-0.02,69,Greed
2026-09-10 17:22,66363,-1.99,-0.01,69,Greed
2026-09-10 17:34,66558,-1.68,0.29,69,Greed
2026-09-10 17:48,66550,-1.60,-0.01,69,Greed
2026-09-10 18:05,66450,-1.78,-0.15,69,Greed
2026-09-10 18:25,66380,-1.70,-0.11,69,Greed
2026-09-10 18:39,66343,-1.75,-0.06,69,Greed
2026-09-10 18:52,66376,-1.69,0.05,69,Greed
2026-09-10 19:19,66443,-1.56,0.10,69,Greed
2026-09-10 19:33,66442,-1.61,-0.00,69,Greed
2026-09-10 19:47,66506,-1.21,0.10,69,Greed
2026-09-10 20:04,66450,-1.20,-0.08,69,Greed
2026-09-10 20:22,66585,-1.05,0.20,69,Greed
2026-09-10 20:35,66535,-1.07,-0.08,69,Greed
2026-09-10 20:49,66548,-0.99,0.02,69,Greed
2026-09-10 21:04,66523,-1.14,-0.04,69,Greed
2026-09-10 21:20,66490,-1.03,-0.05,69,Greed
2026-09-10 21:34,66490,-1.08,0.00,69,Greed
2026-09-10 21:48,66439,-1.09,-0.08,69,Greed
2026-09-10 22:03,66405,-1.05,-0.05,69,Greed
2026-09-10 22:21,66473,-0.75,0.10,69,Greed
2026-09-10 22:34,66350,-0.96,-0.19,69,Greed
2026-09-10 22:48,66173,-1.28,-0.27,69,Greed
2026-09-10 23:03,66176,-1.20,0.00,69,Greed
2026-09-10 23:22,66030,-1.63,-0.22,69,Greed
2026-09-10 23:33,66116,-1.56,0.13,69,Greed
2026-09-10 23:47,66101,-1.66,-0.02,69,Greed
2026-09-11 00:06,66031,-1.93,-0.11,56,Greed
2026-09-11 00:30,66149,-1.71,0.18,56,Greed
2026-09-11 00:50,66079,-1.67,-0.11,56,Greed
2026-09-11 01:04,66237,-1.51,0.24,56,Greed
2026-09-11 01:22,66168,-1.59,-0.10,56,Greed
2026-09-11 01:35,66054,-1.58,-0.17,56,Greed
2026-09-11 01:50,66128,-1.50,0.11,56,Greed
2026-09-11 02:04,66233,-1.23,0.16,56,Greed
2026-09-11 02:23,66212,-1.23,-0.03,56,Greed
2026-09-11 02:37,66141,-1.48,-0.11,56,Greed
2026-09-11 02:50,66223,-1.53,0.12,56,Greed
2026-09-11 03:04,66183,-1.73,-0.06,56,Greed
2026-09-11 03:23,66175,-1.68,-0.01,56,Greed
2026-09-11 03:37,66115,-1.77,-0.09,56,Greed
2026-09-11 03:50,66204,-1.73,0.13,56,Greed
2026-09-11 04:04,66274,-1.49,0.11,56,Greed
2026-09-11 04:24,66327,-1.48,0.08,56,Greed
2026-09-11 04:37,66452,-1.30,0.19,56,Greed
2026-09-11 04:50,66412,-1.31,-0.06,56,Greed
2026-09-11 05:04,66431,-1.31,0.03,56,Greed
2026-09-11 05:22,66409,-1.36,-0.03,56,Greed
2026-09-11 05:36,66407,-1.48,-0.00,56,Greed
2026-09-11 05:49,66443,-1.37,0.05,56,Greed
2026-09-11 06:04,66505,-1.32,0.09,56,Greed
2026-09-11 06:28,66525,-0.99,0.03,56,Greed
2026-09-11 06:44,66492,-0.99,-0.05,56,Greed
2026-09-11 06:57,66537,-1.26,0.07,56,Greed
2026-09-11 07:09,66591,-0.90,0.08,56,Greed
2026-09-11 07:24,66610,-0.76,0.03,56,Greed
2026-09-11 07:38,66574,-0.59,-0.05,56,Greed
2026-09-11 07:50,66547,-0.74,-0.04,56,Greed
2026-09-11 08:04,66537,-0.83,-0.02,56,Greed
2026-09-11 08:25,66570,-0.84,0.05,56,Greed
2026-09-11 08:39,66658,-0.66,0.13,56,Greed
2026-09-11 08:52,66664,-0.65,0.01,56,Greed
2026-09-11 09:03,66672,-0.69,0.01,56,Greed
2026-09-11 09:24,66595,-0.83,-0.12,56,Greed
2026-09-11 09:37,66455,-0.94,-0.21,56,Greed
2026-09-11 09:50,66380,-0.95,-0.11,56,Greed
2026-09-11 10:04,66426,-0.87,0.07,56,Greed
2026-09-11 10:25,66485,-0.77,0.09,56,Greed
2026-09-11 10:37,66428,-0.85,-0.09,56,Greed
2026-09-11 10:50,66429,-0.95,0.00,56,Greed
2026-09-11 11:04,66374,-0.82,-0.08,56,Greed
2026-09-11 11:23,66240,-1.22,-0.20,56,Greed
2026-09-11 11:35,66255,-1.28,0.02,56,Greed
2026-09-11 11:48,66330,-1.02,0.11,56,Greed
2026-09-11 12:05,66477,-0.72,0.22,56,Greed
2026-09-11 12:29,66400,-0.69,-0.12,56,Greed
2026-09-11 12:44,66815,0.43,0.62,56,Greed
2026-09-11 12:56,67218,1.64,0.60,56,Greed
2026-09-11 13:07,67010,0.98,-0.31,56,Greed
2026-09-11 13:24,67021,1.10,0.02,56,Greed
2026-09-11 13:37,66791,0.76,-0.34,56,Greed
2026-09-11 13:50,67179,1.29,0.58,56,Greed
2026-09-11 14:04,68366,2.78,1.77,56,Greed
2026-09-11 14:24,68081,2.59,-0.42,56,Greed
2026-09-11 14:37,67850,2.08,-0.34,56,Greed
2026-09-11 14:51,67691,1.83,-0.23,56,Greed
2026-09-11 15:04,67759,1.99,0.10,56,Greed
2026-09-11 15:23,67760,2.07,0.00,56,Greed
2026-09-11 15:36,67905,2.29,0.21,56,Greed
2026-09-11 15:50,67713,2.09,-0.28,56,Greed
2026-09-11 16:04,67137,1.21,-0.85,56,Greed
2026-09-11 16:24,66778,0.88,-0.53,56,Greed
2026-09-11 16:37,66971,1.28,0.29,56,Greed
2026-09-11 16:49,67103,1.10,0.20,56,Greed
2026-09-11 17:03,67148,1.13,0.07,56,Greed
2026-09-11 17:22,67096,1.02,-0.08,56,Greed
2026-09-11 17:35,67082,0.76,-0.02,56,Greed
2026-09-11 17:47,66885,0.52,-0.29,56,Greed
2026-09-11 18:04,66754,0.46,-0.20,56,Greed
2026-09-11 18:26,66501,0.21,-0.38,56,Greed
2026-09-11 18:39,66609,0.34,0.16,56,Greed
2026-09-11 18:50,66487,0.18,-0.18,56,Greed
2026-09-11 19:03,66420,-0.03,-0.10,56,Greed
2026-09-11 19:21,66533,0.18,0.17,56,Greed
2026-09-11 19:34,66579,0.27,0.07,56,Greed
2026-09-11 19:47,66643,0.27,0.10,56,Greed
2026-09-11 20:04,66690,0.38,0.07,56,Greed
2026-09-11 20:23,66730,0.19,0.06,56,Greed
2026-09-11 20:36,66712,0.27,-0.03,56,Greed
2026-09-11 20:50,66719,0.30,0.01,56,Greed
2026-09-11 21:03,66644,0.20,-0.11,56,Greed
2026-09-11 21:21,66689,0.31,0.07,56,Greed
2026-09-11 21:33,66652,0.24,-0.06,56,Greed
2026-09-11 21:47,66638,0.30,-0.02,56,Greed
2026-09-11 22:04,66366,-0.07,-0.41,56,Greed
2026-09-11 22:22,66490,0.01,0.19,56,Greed
2026-09-11 22:34,66470,0.23,-0.03,56,Greed
2026-09-11 22:47,66451,0.36,-0.03,56,Greed
2026-09-11 23:03,66472,0.45,0.03,56,Greed
2026-09-11 23:20,66476,0.71,0.01,56,Greed
2026-09-11 23:33,66516,0.66,0.06,56,Greed
2026-09-11 23:47,66515,0.63,-0.00,56,Greed
2026-09-12 00:05,66580,0.88,0.10,63,Greed
2026-09-12 00:29,66605,0.71,0.04,63,Greed
2026-09-12 00:43,66571,0.75,-0.05,63,Greed
2026-09-12 00:54,66589,0.66,0.03,63,Greed
2026-09-12 01:04,66581,0.52,-0.01,63,Greed
2026-09-12 01:20,66669,0.75,0.13,63,Greed
2026-09-12 01:34,66625,0.87,-0.07,63,Greed
2026-09-12 01:48,66588,0.70,-0.06,63,Greed
2026-09-12 02:04,66606,0.58,0.03,63,Greed
2026-09-12 02:23,66612,0.60,0.01,63,Greed
2026-09-12 02:35,66598,0.67,-0.02,63,Greed
2026-09-12 02:49,66565,0.49,-0.05,63,Greed
2026-09-12 03:03,66570,0.57,0.01,63,Greed
2026-09-12 03:22,66589,0.67,0.03,63,Greed
2026-09-12 03:36,66584,0.64,-0.01,63,Greed
2026-09-12 03:49,66559,0.56,-0.04,63,Greed
2026-09-12 04:04,66589,0.50,0.05,63,Greed
2026-09-12 04:22,66560,0.34,-0.04,63,Greed
2026-09-12 04:35,66584,0.22,0.04,63,Greed
2026-09-12 04:49,66556,0.21,-0.04,63,Greed
2026-09-12 05:04,66536,0.19,-0.03,63,Greed
2026-09-12 05:21,66555,0.22,0.03,63,Greed
2026-09-12 05:34,66543,0.26,-0.02,63,Greed
2026-09-12 05:47,66553,0.17,0.02,63,Greed
2026-09-12 06:04,66534,0.04,-0.03,63,Greed
2026-09-12 06:27,66547,0.03,0.02,63,Greed
2026-09-12 06:40,66578,0.12,0.05,63,Greed
2026-09-12 06:52,66630,0.14,0.08,63,Greed
2026-09-12 07:03,66601,0.08,-0.04,63,Greed
2026-09-12 07:21,66631,0.04,0.05,63,Greed
2026-09-12 07:33,66610,0.06,-0.03,63,Greed
2026-09-12 07:47,66598,0.07,-0.02,63,Greed
2026-09-12 08:04,66591,0.09,-0.01,63,Greed
2026-09-12 08:22,66628,0.12,0.06,63,Greed
2026-09-12 08:35,66621,-0.09,-0.01,63,Greed
2026-09-12 08:49,66656,-0.03,0.05,63,Greed
2026-09-12 09:04,66655,0.01,-0.00,63,Greed
2026-09-12 09:22,66664,0.10,0.01,63,Greed
2026-09-12 09:34,66677,0.26,0.02,63,Greed
2026-09-12 09:47,66648,0.45,-0.04,63,Greed
2026-09-12 10:04,66659,0.31,0.02,63,Greed
2026-09-12 10:21,66688,0.30,0.04,63,Greed
2026-09-12 10:34,66670,0.39,-0.03,63,Greed
2026-09-12 10:47,66673,0.37,0.00,63,Greed
2026-09-12 11:03,66647,0.45,-0.04,63,Greed
2026-09-12 11:21,66616,0.56,-0.05,63,Greed
2026-09-12 11:33,66608,0.53,-0.01,63,Greed
2026-09-12 11:47,66649,0.44,0.06,63,Greed
2026-09-12 12:04,66658,0.29,0.01,63,Greed
2026-09-12 12:26,66627,0.41,-0.05,63,Greed
2026-09-12 12:40,66644,-0.34,0.03,63,Greed
2026-09-12 12:51,66642,-0.85,-0.00,63,Greed
2026-09-12 13:03,66642,-0.66,0.00,63,Greed
2026-09-12 13:21,66619,-0.50,-0.03,63,Greed
2026-09-12 13:33,66616,-0.19,-0.00,63,Greed
2026-09-12 13:47,66611,-0.67,-0.01,63,Greed
2026-09-12 14:03,66666,-2.75,0.08,63,Greed
2026-09-12 14:22,66672,-2.15,0.01,63,Greed
2026-09-12 14:36,66754,-1.65,0.12,63,Greed
2026-09-12 14:48,66747,-1.53,-0.01,63,Greed
2026-09-12 15:03,66754,-1.49,0.01,63,Greed
2026-09-12 15:21,66743,-1.50,-0.02,63,Greed
2026-09-12 15:33,66747,-1.68,0.01,63,Greed
2026-09-12 15:47,66702,-1.55,-0.07,63,Greed
2026-09-12 16:04,66685,-0.70,-0.03,63,Greed
2026-09-12 16:22,66677,-0.09,-0.01,63,Greed
2026-09-12 16:34,66682,-0.36,0.01,63,Greed
2026-09-12 16:47,66665,-0.63,-0.03,63,Greed
2026-09-12 17:03,66667,-0.66,0.00,63,Greed
2026-09-12 17:20,66636,-0.67,-0.05,63,Greed
2026-09-12 17:33,66604,-0.76,-0.05,63,Greed
2026-09-12 17:47,66556,-0.49,-0.07,63,Greed
2026-09-12 18:04,66524,-0.25,-0.05,63,Greed
2026-09-12 18:23,66493,-0.05,-0.05,63,Greed
2026-09-12 18:36,66499,-0.15,0.01,63,Greed
2026-09-12 18:48,66517,0.06,0.03,63,Greed
2026-09-12 19:03,66476,0.11,-0.06,63,Greed
2026-09-12 19:19,66494,-0.06,0.03,63,Greed
2026-09-12 19:32,66469,-0.15,-0.04,63,Greed
2026-09-12 19:47,66419,-0.33,-0.08,63,Greed
2026-09-12 20:03,66470,-0.38,0.08,63,Greed
2026-09-12 20:23,66502,-0.36,0.05,63,Greed
2026-09-12 20:38,66509,-0.37,0.01,63,Greed
2026-09-12 20:51,66516,-0.20,0.01,63,Greed
2026-09-12 21:04,66531,-0.19,0.02,63,Greed
2026-09-12 21:22,66502,-0.28,-0.04,63,Greed
2026-09-12 21:33,66535,-0.18,0.05,63,Greed
2026-09-12 21:47,66547,-0.11,0.02,63,Greed
2026-09-12 22:04,66558,0.30,0.02,63,Greed
2026-09-12 22:21,66580,0.13,0.03,63,Greed
2026-09-12 22:33,66545,0.11,-0.05,63,Greed
2026-09-12 22:49,66525,0.12,-0.03,63,Greed
2026-09-12 23:03,66555,0.10,0.05,63,Greed
2026-09-12 23:21,66591,0.18,0.05,63,Greed
2026-09-12 23:33,66574,0.09,-0.03,63,Greed
2026-09-12 23:47,66570,0.08,-0.01,63,Greed
2026-09-13 00:06,66600,0.01,0.05,61,Greed
2026-09-13 00:30,66595,0.01,-0.01,61,Greed
2026-09-13 00:51,66557,-0.06,-0.06,61,Greed
2026-09-13 01:03,66590,0.01,0.05,61,Greed
2026-09-13 01:22,66603,-0.06,0.02,61,Greed
2026-09-13 01:35,66574,-0.08,-0.04,61,Greed
2026-09-13 01:49,66610,0.01,0.05,61,Greed
2026-09-13 02:04,66621,0.04,0.02,61,Greed
2026-09-13 02:23,66601,-0.02,-0.03,61,Greed
2026-09-13 02:35,66589,0.01,-0.02,61,Greed
2026-09-13 02:49,66617,0.08,0.04,61,Greed
2026-09-13 03:03,66600,0.06,-0.03,61,Greed
2026-09-13 03:23,66596,0.05,-0.01,61,Greed
2026-09-13 03:36,66557,-0.04,-0.06,61,Greed
2026-09-13 03:49,66531,-0.04,-0.04,61,Greed
2026-09-13 04:04,66529,-0.11,-0.00,61,Greed
2026-09-13 04:28,66557,0.01,0.04,61,Greed
2026-09-13 04:48,66538,-0.03,-0.03,61,Greed
2026-09-13 05:04,66534,-0.01,-0.01,61,Greed
2026-09-13 05:21,66569,0.02,0.05,61,Greed
2026-09-13 05:34,66605,0.09,0.05,61,Greed
2026-09-13 05:47,66616,0.09,0.02,61,Greed
2026-09-13 06:07,66626,0.14,0.02,61,Greed
2026-09-13 06:31,66605,0.05,-0.03,61,Greed
2026-09-13 06:52,66573,-0.07,-0.05,61,Greed
2026-09-13 07:04,66474,-0.21,-0.15,61,Greed
2026-09-13 07:22,66498,-0.19,0.04,61,Greed
2026-09-13 07:35,66462,-0.23,-0.05,61,Greed
2026-09-13 07:49,66485,-0.16,0.03,61,Greed
2026-09-13 08:03,66460,-0.20,-0.04,61,Greed
2026-09-13 08:23,66378,-0.38,-0.12,61,Greed
2026-09-13 08:36,66272,-0.52,-0.16,61,Greed
2026-09-13 09:03,66195,-0.69,-0.12,61,Greed
2026-09-13 09:46,66126,-0.78,-0.10,61,Greed
2026-09-13 10:11,66169,-0.78,0.07,61,Greed
2026-09-13 10:27,66131,-0.82,-0.06,61,Greed
2026-09-13 10:37,66178,-0.73,0.07,61,Greed
2026-09-13 10:48,66114,-0.84,-0.10,61,Greed
2026-09-13 11:03,66080,-0.82,-0.05,61,Greed
2026-09-13 11:21,66002,-0.92,-0.12,61,Greed
2026-09-13 11:34,66049,-0.85,0.07,61,Greed
2026-09-13 11:47,66156,-0.74,0.16,61,Greed
2026-09-13 12:04,66151,-0.76,-0.01,61,Greed
2026-09-13 12:27,66155,-0.71,0.01,61,Greed
2026-09-13 12:40,66087,-0.84,-0.10,61,Greed
2026-09-13 12:52,66036,-0.88,-0.08,61,Greed
2026-09-13 13:03,66063,-0.86,0.04,61,Greed
2026-09-13 13:21,66055,-0.84,-0.01,61,Greed
2026-09-13 13:33,65950,-0.97,-0.16,61,Greed
2026-09-13 13:47,66102,-0.76,0.23,61,Greed
2026-09-13 14:04,66164,-0.76,0.09,61,Greed
2026-09-13 14:21,66331,-0.52,0.25,61,Greed
2026-09-13 14:34,66387,-0.55,0.08,61,Greed
2026-09-13 14:48,66472,-0.42,0.13,61,Greed
2026-09-13 15:04,66439,-0.47,-0.05,61,Greed
2026-09-13 15:22,66316,-0.63,-0.19,61,Greed
2026-09-13 15:34,66354,-0.54,0.06,61,Greed
2026-09-13 15:48,66422,-0.42,0.10,61,Greed
2026-09-13 16:04,66421,-0.41,-0.00,61,Greed
2026-09-13 16:22,66494,-0.28,0.11,61,Greed
2026-09-13 16:35,66509,-0.26,0.02,61,Greed
2026-09-13 16:49,66536,-0.19,0.04,61,Greed
2026-09-13 17:03,66535,-0.20,-0.00,61,Greed
2026-09-13 17:21,66602,-0.04,0.10,61,Greed
2026-09-13 17:34,66532,-0.08,-0.11,61,Greed
2026-09-13 17:47,66525,-0.05,-0.01,61,Greed
2026-09-13 18:04,66567,0.07,0.06,61,Greed
2026-09-13 18:24,66601,0.14,0.05,61,Greed
2026-09-13 18:37,66593,0.18,-0.01,61,Greed
2026-09-13 18:50,66613,0.15,0.03,61,Greed
2026-09-13 19:03,66591,0.16,-0.03,61,Greed
2026-09-13 19:20,66613,0.20,0.03,61,Greed
2026-09-13 19:33,66609,0.21,-0.01,61,Greed
2026-09-13 19:47,66612,0.29,0.00,61,Greed
2026-09-13 20:04,66624,0.19,0.02,61,Greed
2026-09-13 20:22,66636,0.20,0.02,61,Greed
2026-09-13 20:35,66652,0.21,0.02,61,Greed
2026-09-13 20:47,66645,0.20,-0.01,61,Greed
2026-09-13 21:03,66655,0.19,0.02,61,Greed
2026-09-13 21:22,66697,0.29,0.06,61,Greed
2026-09-13 21:34,66708,0.24,0.02,61,Greed
2026-09-13 21:47,66702,0.21,-0.01,61,Greed
2026-09-13 22:04,66525,-0.09,-0.27,61,Greed
2026-09-13 22:22,66238,-0.53,-0.43,61,Greed
2026-09-13 22:36,66246,-0.43,0.01,61,Greed
2026-09-13 22:48,66209,-0.49,-0.06,61,Greed
2026-09-13 23:04,66161,-0.60,-0.07,61,Greed
2026-09-13 23:21,66111,-0.72,-0.08,61,Greed
2026-09-13 23:34,66262,-0.47,0.23,61,Greed
2026-09-13 23:47,66249,-0.49,-0.02,61,Greed
2026-09-14 00:06,66254,-0.52,0.01,57,Greed
2026-09-14 00:31,65957,-0.95,-0.45,57,Greed
2026-09-14 00:53,66247,-0.49,0.44,57,Greed
2026-09-14 01:04,66274,-0.47,0.04,57,Greed
2026-09-14 01:23,66197,-0.61,-0.12,57,Greed
2026-09-14 01:35,66250,-0.48,0.08,57,Greed
2026-09-14 01:50,66304,-0.46,0.08,57,Greed
2026-09-14 02:04,66488,-0.19,0.28,57,Greed
2026-09-14 02:24,66714,0.17,0.34,57,Greed
2026-09-14 02:37,66940,0.51,0.34,57,Greed
2026-09-14 02:51,66933,0.47,-0.01,57,Greed
2026-09-14 03:04,67033,0.66,0.15,57,Greed
2026-09-14 03:24,67195,0.90,0.24,57,Greed
2026-09-14 03:39,67106,0.86,-0.13,57,Greed
2026-09-14 03:52,66977,0.69,-0.19,57,Greed
2026-09-14 04:04,67020,0.74,0.06,57,Greed
2026-09-14 04:25,67055,0.75,0.05,57,Greed
2026-09-14 04:39,67057,0.76,0.00,57,Greed
2026-09-14 04:51,67159,0.93,0.15,57,Greed
2026-09-14 05:03,67102,0.85,-0.08,57,Greed
2026-09-14 05:23,67049,0.70,-0.08,57,Greed
2026-09-14 05:36,66996,0.58,-0.08,57,Greed
2026-09-14 05:50,67011,0.58,0.02,57,Greed
2026-09-14 06:05,67092,0.70,0.12,57,Greed
2026-09-14 06:31,67167,0.84,0.11,57,Greed
2026-09-14 06:54,67163,0.99,-0.01,57,Greed
2026-09-14 07:06,67192,1.07,0.04,57,Greed
2026-09-14 07:26,67218,1.09,0.04,57,Greed
2026-09-14 07:39,67249,1.20,0.05,57,Greed
2026-09-14 07:52,67370,1.33,0.18,57,Greed
2026-09-14 08:04,67382,1.36,0.02,57,Greed
2026-09-14 08:26,67419,1.57,0.05,57,Greed
2026-09-14 08:40,67354,1.75,-0.10,57,Greed
2026-09-14 08:52,67302,1.61,-0.08,57,Greed
2026-09-14 09:05,67353,1.71,0.08,57,Greed
2026-09-14 09:27,67275,1.83,-0.12,57,Greed
2026-09-14 09:39,67381,1.97,0.16,57,Greed
2026-09-14 09:56,67821,2.50,0.65,57,Greed
2026-09-14 10:04,67620,2.19,-0.30,57,Greed
2026-09-14 10:24,67584,2.19,-0.05,57,Greed
2026-09-14 10:37,67514,2.02,-0.10,57,Greed
2026-09-14 10:52,67575,2.23,0.09,57,Greed
2026-09-14 11:04,67454,2.13,-0.18,57,Greed
2026-09-14 11:24,67391,2.06,-0.09,57,Greed
2026-09-14 11:38,67288,1.77,-0.15,57,Greed
2026-09-14 11:52,67358,1.81,0.10,57,Greed
2026-09-14 12:05,67353,1.82,-0.01,57,Greed
2026-09-14 12:30,67497,2.03,0.21,57,Greed
2026-09-14 12:55,67360,1.96,-0.20,57,Greed
2026-09-14 13:07,67320,1.94,-0.06,57,Greed
2026-09-14 13:27,67398,2.22,0.12,57,Greed
2026-09-14 13:41,67713,2.53,0.47,57,Greed
2026-09-14 13:53,67974,2.74,0.39,57,Greed
2026-09-14 14:04,67909,2.62,-0.10,57,Greed
2026-09-14 14:26,67878,2.30,-0.05,57,Greed
2026-09-14 14:41,67966,2.30,0.13,57,Greed
2026-09-14 14:56,67977,2.29,0.02,57,Greed
2026-09-14 15:07,67873,2.22,-0.15,57,Greed
2026-09-14 15:27,68006,2.39,0.20,57,Greed
2026-09-14 15:40,67959,2.41,-0.07,57,Greed
2026-09-14 15:53,67996,2.38,0.05,57,Greed
2026-09-14 16:04,67994,2.34,-0.00,57,Greed
2026-09-14 16:24,68229,2.59,0.35,57,Greed
2026-09-14 16:38,68088,2.40,-0.21,57,Greed
2026-09-14 16:53,68186,2.49,0.14,57,Greed
2026-09-14 17:03,68115,2.35,-0.10,57,Greed
2026-09-14 17:22,68192,2.41,0.11,57,Greed
2026-09-14 17:36,68127,2.43,-0.10,57,Greed
2026-09-14 17:51,68314,2.63,0.27,57,Greed
2026-09-14 18:04,68270,2.56,-0.06,57,Greed
2026-09-14 18:27,68472,2.82,0.30,57,Greed
2026-09-14 18:43,68385,2.67,-0.13,57,Greed
2026-09-14 18:56,68539,2.91,0.23,57,Greed
2026-09-14 19:07,68407,2.55,-0.19,57,Greed
2026-09-14 19:23,68530,2.90,0.18,57,Greed
2026-09-14 19:36,68485,2.82,-0.07,57,Greed
2026-09-14 19:49,68493,2.84,0.01,57,Greed
2026-09-14 20:04,68390,2.64,-0.15,57,Greed
2026-09-14 20:23,68762,3.19,0.54,57,Greed
2026-09-14 20:36,68749,3.13,-0.02,57,Greed
2026-09-14 20:50,68692,3.03,-0.08,57,Greed
2026-09-14 21:04,68334,2.52,-0.52,57,Greed
2026-09-14 21:23,68336,2.44,0.00,57,Greed
2026-09-14 21:36,68293,2.37,-0.06,57,Greed
2026-09-14 21:50,68213,2.30,-0.12,57,Greed
2026-09-14 22:04,68161,2.47,-0.08,57,Greed
2026-09-14 22:24,68079,2.82,-0.12,57,Greed
2026-09-14 22:37,67978,2.60,-0.15,57,Greed
2026-09-14 22:50,68034,2.80,0.08,57,Greed
2026-09-14 23:03,67979,2.72,-0.08,57,Greed
2026-09-14 23:21,67857,2.64,-0.18,57,Greed
2026-09-14 23:33,67820,2.34,-0.05,57,Greed
2026-09-14 23:48,67783,2.30,-0.05,57,Greed
2026-09-15 00:05,67716,2.22,-0.10,69,Greed
2026-09-15 00:32,67576,2.25,-0.21,69,Greed
2026-09-15 00:54,67558,1.95,-0.03,69,Greed
2026-09-15 01:05,67439,1.76,-0.18,69,Greed
2026-09-15 01:26,67557,1.99,0.17,69,Greed
2026-09-15 01:39,67551,2.02,-0.01,69,Greed
2026-09-15 01:52,67623,2.00,0.11,69,Greed
2026-09-15 02:05,67543,1.59,-0.12,69,Greed
2026-09-15 02:26,67553,1.15,0.01,69,Greed
2026-09-15 02:39,67527,0.94,-0.04,69,Greed
2026-09-15 02:52,67472,0.78,-0.08,69,Greed
2026-09-15 03:04,67420,0.60,-0.08,69,Greed
2026-09-15 03:25,67416,0.35,-0.01,69,Greed
2026-09-15 03:39,67454,0.54,0.06,69,Greed
2026-09-15 03:52,67365,0.59,-0.13,69,Greed
2026-09-15 04:04,67324,0.49,-0.06,69,Greed
2026-09-15 04:25,67304,0.31,-0.03,69,Greed
2026-09-15 04:39,67213,0.22,-0.14,69,Greed
2026-09-15 04:52,67253,0.18,0.06,69,Greed
2026-09-15 05:04,67232,0.22,-0.03,69,Greed
2026-09-15 05:24,67086,0.08,-0.22,69,Greed
2026-09-15 05:37,67143,0.24,0.08,69,Greed
2026-09-15 05:52,67151,0.27,0.01,69,Greed
2026-09-15 06:05,67352,0.34,0.30,69,Greed
2026-09-15 06:30,67142,0.06,-0.31,69,Greed
2026-09-15 06:54,67016,-0.20,-0.19,69,Greed
2026-09-15 07:06,67001,-0.32,-0.02,69,Greed
2026-09-15 07:26,66966,-0.42,-0.05,69,Greed
2026-09-15 07:40,66850,-0.64,-0.17,69,Greed
2026-09-15 07:53,66700,-0.99,-0.22,69,Greed
2026-09-15 08:05,66577,-1.13,-0.18,69,Greed
2026-09-15 08:27,66563,-1.29,-0.02,69,Greed
2026-09-15 08:42,66592,-1.15,0.04,69,Greed
2026-09-15 08:56,66659,-0.97,0.10,69,Greed
2026-09-15 09:08,66665,-1.00,0.01,69,Greed
2026-09-15 09:28,66648,-0.90,-0.03,69,Greed
2026-09-15 09:42,66704,-1.07,0.08,69,Greed
2026-09-15 09:57,66759,-1.42,0.08,69,Greed
2026-09-15 10:06,66688,-1.44,-0.11,69,Greed
2026-09-15 10:24,66657,-1.31,-0.05,69,Greed
2026-09-15 10:37,66665,-1.30,0.01,69,Greed
2026-09-15 10:50,66789,-1.13,0.19,69,Greed
2026-09-15 11:04,66811,-0.88,0.03,69,Greed
2026-09-15 11:23,66741,-0.96,-0.10,69,Greed
2026-09-15 11:36,66635,-0.97,-0.16,69,Greed
2026-09-15 11:49,66616,-1.10,-0.03,69,Greed
2026-09-15 12:05,66627,-1.07,0.02,69,Greed
2026-09-15 12:29,66660,-1.24,0.05,69,Greed
2026-09-15 12:44,66606,-1.40,-0.08,69,Greed
2026-09-15 12:57,66735,-0.86,0.19,69,Greed
2026-09-15 13:10,66696,-0.78,-0.06,69,Greed
2026-09-15 13:26,66633,-1.14,-0.09,69,Greed
2026-09-15 13:38,66438,-1.70,-0.29,69,Greed
2026-09-15 13:51,66122,-2.72,-0.48,69,Greed
2026-09-15 14:04,66232,-2.51,0.17,69,Greed
2026-09-15 14:24,66151,-2.61,-0.12,69,Greed
2026-09-15 14:37,65881,-3.12,-0.41,69,Greed
2026-09-15 14:51,65579,-3.62,-0.46,69,Greed
2026-09-15 15:05,65736,-3.18,0.24,69,Greed
2026-09-15 15:23,65845,-3.20,0.17,69,Greed
2026-09-15 15:37,66110,-2.58,0.40,69,Greed
2026-09-15 15:51,66235,-2.59,0.19,69,Greed
2026-09-15 16:04,66292,-2.46,0.09,69,Greed
2026-09-15 16:24,66201,-3.00,-0.14,69,Greed
2026-09-15 16:37,66144,-2.81,-0.09,69,Greed
2026-09-15 16:51,66151,-2.96,0.01,69,Greed
2026-09-15 17:03,66163,-2.91,0.02,69,Greed
2026-09-15 17:21,66042,-3.21,-0.18,69,Greed
2026-09-15 17:34,66447,-2.51,0.61,69,Greed
2026-09-15 17:49,66582,-2.44,0.20,69,Greed
2026-09-15 18:04,66626,-2.40,0.07,69,Greed
2026-09-15 18:25,66372,-3.07,-0.38,69,Greed
2026-09-15 18:38,66422,-2.98,0.08,69,Greed
2026-09-15 18:52,65009,-5.13,-2.13,69,Greed
2026-09-15 19:03,65729,-3.99,1.11,69,Greed
2026-09-15 19:22,65975,-3.73,0.37,69,Greed
2026-09-15 19:35,65753,-3.97,-0.34,69,Greed
2026-09-15 19:49,65731,-4.04,-0.03,69,Greed
2026-09-15 20:04,65994,-3.54,0.40,69,Greed
2026-09-15 20:22,65736,-4.44,-0.39,69,Greed
2026-09-15 20:35,65564,-4.71,-0.26,69,Greed
2026-09-15 20:49,65742,-4.26,0.27,69,Greed
2026-09-15 21:04,65647,-3.95,-0.14,69,Greed
2026-09-15 21:22,65729,-3.82,0.12,69,Greed
2026-09-15 21:34,65554,-4.00,-0.27,69,Greed
2026-09-15 21:48,65604,-3.82,0.08,69,Greed
2026-09-15 22:04,65307,-4.18,-0.45,69,Greed
2026-09-15 22:22,65122,-4.34,-0.28,69,Greed
2026-09-15 22:34,65446,-3.73,0.50,69,Greed
2026-09-15 22:47,65463,-3.84,0.03,69,Greed
2026-09-15 23:03,65602,-3.41,0.21,69,Greed
2026-09-15 23:21,65747,-3.11,0.22,69,Greed
2026-09-15 23:35,65494,-3.38,-0.38,69,Greed
2026-09-15 23:47,65557,-3.29,0.10,69,Greed
2026-09-16 00:05,65475,-3.31,-0.13,51,Neutral
2026-09-16 00:29,65683,-2.78,0.32,51,Neutral
2026-09-16 00:45,65670,-2.76,-0.02,51,Neutral
2026-09-16 01:03,65703,-2.59,0.05,51,Neutral
2026-09-16 01:22,65675,-2.69,-0.04,51,Neutral
2026-09-16 01:35,65693,-2.75,0.03,51,Neutral
2026-09-16 01:49,65552,-3.01,-0.21,51,Neutral
2026-09-16 02:04,65475,-3.03,-0.12,51,Neutral
2026-09-16 02:24,65685,-2.73,0.32,51,Neutral
2026-09-16 02:37,65833,-2.51,0.23,51,Neutral
2026-09-16 02:50,65790,-2.44,-0.07,51,Neutral
2026-09-16 03:04,65738,-2.48,-0.08,51,Neutral
2026-09-16 03:24,65838,-2.32,0.15,51,Neutral
2026-09-16 03:37,65681,-2.63,-0.24,51,Neutral
2026-09-16 03:50,65633,-2.58,-0.07,51,Neutral
2026-09-16 04:04,65657,-2.48,0.04,51,Neutral
2026-09-16 04:24,65732,-2.32,0.11,51,Neutral
2026-09-16 04:37,65708,-2.26,-0.04,51,Neutral
2026-09-16 04:50,65728,-2.28,0.03,51,Neutral
2026-09-16 05:03,65642,-2.39,-0.13,51,Neutral
2026-09-16 05:23,65656,-2.13,0.02,51,Neutral
2026-09-16 05:36,65659,-2.18,0.00,51,Neutral
2026-09-16 05:50,65738,-2.12,0.12,51,Neutral
2026-09-16 06:05,65763,-2.36,0.04,51,Neutral
2026-09-16 06:29,65699,-2.15,-0.10,51,Neutral
2026-09-16 06:47,65702,-2.13,0.00,51,Neutral
2026-09-16 07:05,65810,-1.78,0.16,51,Neutral
2026-09-16 07:24,65605,-2.03,-0.31,51,Neutral
2026-09-16 07:37,65596,-1.82,-0.01,51,Neutral
2026-09-16 07:51,65639,-1.64,0.07,51,Neutral
2026-09-16 08:04,65539,-1.57,-0.15,51,Neutral
2026-09-16 08:25,65308,-1.86,-0.35,51,Neutral
2026-09-16 08:39,65374,-1.83,0.10,51,Neutral
2026-09-16 08:52,65420,-1.79,0.07,51,Neutral
2026-09-16 09:04,65612,-1.58,0.29,51,Neutral
2026-09-16 09:24,65654,-1.54,0.06,51,Neutral
2026-09-16 09:37,65682,-1.52,0.04,51,Neutral
2026-09-16 09:51,65752,-1.47,0.11,51,Neutral
2026-09-16 10:04,65831,-1.27,0.12,51,Neutral
2026-09-16 10:25,65806,-1.35,-0.04,51,Neutral
2026-09-16 10:37,65812,-1.31,0.01,51,Neutral
2026-09-16 10:51,65793,-1.55,-0.03,51,Neutral
2026-09-16 11:04,65779,-1.53,-0.02,51,Neutral
2026-09-16 11:24,65819,-1.31,0.06,51,Neutral
2026-09-16 11:37,65839,-1.20,0.03,51,Neutral
2026-09-16 11:51,65997,-0.87,0.24,51,Neutral
2026-09-16 12:05,66029,-0.93,0.05,51,Neutral
2026-09-16 12:29,65842,-1.19,-0.28,51,Neutral
2026-09-16 12:47,65816,-1.18,-0.04,51,Neutral
2026-09-16 13:05,65674,-1.53,-0.22,51,Neutral
2026-09-16 13:25,65647,-1.48,-0.04,51,Neutral
2026-09-16 13:38,65573,-1.04,-0.11,51,Neutral
2026-09-16 13:53,65756,-0.28,0.28,51,Neutral
2026-09-16 14:04,65472,-1.20,-0.43,51,Neutral
2026-09-16 14:24,65560,-0.81,0.13,51,Neutral
2026-09-16 14:37,65590,-0.37,0.05,51,Neutral
2026-09-16 14:51,65463,-0.15,-0.19,51,Neutral
2026-09-16 15:04,65590,-0.34,0.19,51,Neutral
2026-09-16 15:24,65580,-0.40,-0.02,51,Neutral
2026-09-16 15:36,65501,-0.96,-0.12,51,Neutral
2026-09-16 15:50,65743,-0.71,0.37,51,Neutral
2026-09-16 16:05,65648,-0.92,-0.14,51,Neutral
2026-09-16 16:24,65678,-0.84,0.05,51,Neutral
2026-09-16 16:36,65620,-0.83,-0.09,51,Neutral
2026-09-16 16:51,65649,-0.81,0.04,51,Neutral
2026-09-16 17:04,65629,-0.73,-0.03,51,Neutral
2026-09-16 17:21,65642,-0.67,0.02,51,Neutral
2026-09-16 17:35,65623,-1.48,-0.03,51,Neutral
2026-09-16 17:49,65364,-2.00,-0.39,51,Neutral
2026-09-16 18:05,65404,-1.84,0.06,51,Neutral
2026-09-16 18:25,66003,-0.50,0.92,51,Neutral
2026-09-16 18:40,65937,0.07,-0.10,51,Neutral
2026-09-16 18:52,66063,1.21,0.19,51,Neutral
2026-09-16 19:03,65934,0.29,-0.20,51,Neutral
2026-09-16 19:22,65986,0.11,0.08,51,Neutral
2026-09-16 19:35,65840,0.09,-0.22,51,Neutral
2026-09-16 19:47,66145,0.65,0.46,51,Neutral
2026-09-16 20:04,66315,0.62,0.26,51,Neutral
2026-09-16 20:24,66532,1.27,0.33,51,Neutral
2026-09-16 20:36,66386,1.25,-0.22,51,Neutral
2026-09-16 20:51,66350,0.83,-0.05,51,Neutral
2026-09-16 21:04,66379,1.13,0.04,51,Neutral
2026-09-16 21:23,66343,1.08,-0.05,51,Neutral
2026-09-16 21:36,66317,1.22,-0.04,51,Neutral
2026-09-16 21:49,66212,0.99,-0.16,51,Neutral
2026-09-16 22:04,66180,1.18,-0.05,51,Neutral
2026-09-16 22:22,66065,1.43,-0.17,51,Neutral
2026-09-16 22:35,65990,0.82,-0.11,51,Neutral
2026-09-16 22:48,66061,0.82,0.11,51,Neutral
2026-09-16 23:04,65940,0.56,-0.18,51,Neutral
2026-09-16 23:22,66253,0.76,0.47,51,Neutral
2026-09-16 23:35,66299,1.10,0.07,51,Neutral
2026-09-16 23:47,66396,1.25,0.15,51,Neutral
2026-09-17 00:05,66430,1.33,0.05,50,Neutral
2026-09-17 00:29,66583,1.37,0.23,50,Neutral
2026-09-17 00:46,66640,1.46,0.09,50,Neutral
2026-09-17 01:04,66488,1.29,-0.23,50,Neutral
2026-09-17 01:23,66582,1.30,0.14,50,Neutral
2026-09-17 01:36,66838,1.88,0.38,50,Neutral
2026-09-17 01:51,66735,1.93,-0.15,50,Neutral
2026-09-17 02:04,66583,1.63,-0.23,50,Neutral
2026-09-17 02:24,66363,1.03,-0.33,50,Neutral
2026-09-17 02:37,66491,0.96,0.19,50,Neutral
2026-09-17 02:50,66610,1.25,0.18,50,Neutral
2026-09-17 03:04,66621,1.34,0.02,50,Neutral
2026-09-17 03:24,66638,1.19,0.03,50,Neutral
2026-09-17 03:37,66724,1.63,0.13,50,Neutral
2026-09-17 03:51,66677,1.61,-0.07,50,Neutral
2026-09-17 04:04,66622,1.43,-0.08,50,Neutral
2026-09-17 04:24,66461,1.04,-0.24,50,Neutral
2026-09-17 04:37,66451,1.10,-0.02,50,Neutral
2026-09-17 04:51,66645,1.43,0.29,50,Neutral
2026-09-17 05:04,66733,1.72,0.13,50,Neutral
2026-09-17 05:23,66619,1.42,-0.17,50,Neutral
2026-09-17 05:37,66636,1.45,0.03,50,Neutral
2026-09-17 05:50,66568,1.29,-0.10,50,Neutral
2026-09-17 06:05,66507,1.13,-0.09,50,Neutral
2026-09-17 06:30,66490,1.22,-0.03,50,Neutral
2026-09-17 06:47,66633,1.40,0.22,50,Neutral
2026-09-17 07:06,66612,1.19,-0.03,50,Neutral
2026-09-17 07:25,66648,1.57,0.05,50,Neutral
2026-09-17 07:37,66600,1.53,-0.07,50,Neutral
2026-09-17 07:51,66616,1.51,0.02,50,Neutral
2026-09-17 08:04,66589,1.67,-0.04,50,Neutral
2026-09-17 08:26,66660,2.09,0.11,50,Neutral
2026-09-17 08:37,66607,1.91,-0.08,50,Neutral
2026-09-17 08:50,66614,1.85,0.01,50,Neutral
2026-09-17 09:04,66735,1.64,0.18,50,Neutral
2026-09-17 09:24,66814,1.72,0.12,50,Neutral
2026-09-17 09:37,66765,1.61,-0.07,50,Neutral
2026-09-17 09:51,66658,1.37,-0.16,50,Neutral
2026-09-17 10:04,66534,1.06,-0.19,50,Neutral
2026-09-17 10:24,66444,1.04,-0.14,50,Neutral
2026-09-17 10:37,66443,0.96,-0.00,50,Neutral
2026-09-17 10:51,66411,0.93,-0.05,50,Neutral
2026-09-17 11:04,66511,1.10,0.15,50,Neutral
2026-09-17 11:23,66529,1.12,0.03,50,Neutral
2026-09-17 11:36,66466,0.96,-0.09,50,Neutral
2026-09-17 11:50,66390,0.61,-0.11,50,Neutral
2026-09-17 12:05,66547,0.73,0.24,50,Neutral
2026-09-17 12:29,66921,1.68,0.56,50,Neutral
2026-09-17 12:44,66887,1.62,-0.05,50,Neutral
2026-09-17 12:57,66780,1.46,-0.16,50,Neutral
2026-09-17 13:10,66729,1.68,-0.08,50,Neutral
2026-09-17 13:25,66625,1.52,-0.16,50,Neutral
2026-09-17 13:37,66314,1.17,-0.47,50,Neutral
2026-09-17 13:51,66415,1.00,0.15,50,Neutral
2026-09-17 14:04,66568,1.66,0.23,50,Neutral
2026-09-17 14:26,66858,1.99,0.44,50,Neutral
2026-09-17 14:38,66768,1.86,-0.13,50,Neutral
2026-09-17 14:51,66690,1.87,-0.12,50,Neutral
2026-09-17 15:04,66435,1.32,-0.38,50,Neutral
2026-09-17 15:24,66457,1.25,0.03,50,Neutral
2026-09-17 15:36,66593,1.60,0.20,50,Neutral
2026-09-17 15:50,66740,1.60,0.22,50,Neutral
2026-09-17 16:04,66833,1.82,0.14,50,Neutral
2026-09-17 16:24,66776,1.67,-0.09,50,Neutral
2026-09-17 16:36,66674,1.58,-0.15,50,Neutral
2026-09-17 16:51,66737,1.67,0.09,50,Neutral
2026-09-17 17:03,66831,1.82,0.14,50,Neutral
2026-09-17 17:21,66906,1.92,0.11,50,Neutral
2026-09-17 17:35,66946,2.06,0.06,50,Neutral
2026-09-17 17:49,66747,2.09,-0.30,50,Neutral
2026-09-17 18:05,66754,1.76,0.01,50,Neutral
2026-09-17 18:26,66832,1.35,0.12,50,Neutral
2026-09-17 18:41,66666,1.10,-0.25,50,Neutral
2026-09-17 18:53,66707,1.20,0.06,50,Neutral
2026-09-17 19:03,66672,0.61,-0.05,50,Neutral
2026-09-17 19:21,66624,1.11,-0.07,50,Neutral
2026-09-17 19:34,66655,0.95,0.05,50,Neutral
2026-09-17 19:47,66676,0.65,0.03,50,Neutral
2026-09-17 20:04,66654,0.44,-0.03,50,Neutral
2026-09-17 20:24,66742,0.31,0.13,50,Neutral
2026-09-17 20:36,66741,0.49,-0.00,50,Neutral
2026-09-17 20:47,66644,0.47,-0.15,50,Neutral
2026-09-17 21:04,66690,0.46,0.07,50,Neutral
2026-09-17 21:22,66611,0.38,-0.12,50,Neutral
2026-09-17 21:34,66661,0.51,0.08,50,Neutral
2026-09-17 21:47,66627,0.63,-0.05,50,Neutral
2026-09-17 22:04,66532,0.68,-0.14,50,Neutral
2026-09-17 22:21,66413,0.53,-0.18,50,Neutral
2026-09-17 22:32,66419,0.64,0.01,50,Neutral
2026-09-17 22:47,66532,0.71,0.17,50,Neutral
2026-09-17 23:03,66516,0.81,-0.02,50,Neutral
2026-09-17 23:19,66582,0.49,0.10,50,Neutral
2026-09-17 23:32,66589,0.42,0.01,50,Neutral
2026-09-17 23:48,66566,0.27,-0.03,50,Neutral
2026-09-18 00:05,66538,0.13,-0.04,56,Greed
2026-09-18 00:29,66467,-0.15,-0.11,56,Greed
2026-09-18 00:44,66480,-0.25,0.02,56,Greed
2026-09-18 00:55,66573,-0.03,0.14,56,Greed
2026-09-18 01:04,66679,0.31,0.16,56,Greed
2026-09-18 01:22,66657,0.10,-0.03,56,Greed
2026-09-18 01:34,66685,-0.31,0.04,56,Greed
2026-09-18 01:49,66771,0.10,0.13,56,Greed
2026-09-18 02:04,66803,0.31,0.05,56,Greed
2026-09-18 02:25,66816,0.67,0.02,56,Greed
2026-09-18 02:36,67021,0.78,0.31,56,Greed
2026-09-18 02:49,66964,0.54,-0.09,56,Greed
2026-09-18 03:04,67012,0.59,0.07,56,Greed
2026-09-18 03:23,67294,0.97,0.42,56,Greed
2026-09-18 03:36,67359,0.98,0.10,56,Greed
2026-09-18 03:49,67305,0.94,-0.08,56,Greed
2026-09-18 04:04,67300,1.05,-0.01,56,Greed
2026-09-18 04:23,67271,1.22,-0.04,56,Greed
2026-09-18 04:36,67195,1.13,-0.11,56,Greed
2026-09-18 04:49,67330,1.07,0.20,56,Greed
2026-09-18 05:03,67469,1.15,0.21,56,Greed
2026-09-18 05:21,67443,1.23,-0.04,56,Greed
2026-09-18 05:35,67577,1.47,0.20,56,Greed
2026-09-18 05:49,67470,1.36,-0.16,56,Greed
2026-09-18 06:05,67480,1.42,0.01,56,Greed
2026-09-18 06:28,67569,1.62,0.13,56,Greed
2026-09-18 06:43,67492,1.28,-0.11,56,Greed
2026-09-18 06:55,67409,1.23,-0.12,56,Greed
2026-09-18 07:04,67533,1.39,0.18,56,Greed
2026-09-18 07:23,67670,1.54,0.20,56,Greed
2026-09-18 07:36,67712,1.67,0.06,56,Greed
2026-09-18 07:49,67689,1.62,-0.03,56,Greed
2026-09-18 08:04,67791,1.79,0.15,56,Greed
2026-09-18 08:24,67810,1.74,0.03,56,Greed
2026-09-18 08:37,67876,1.92,0.10,56,Greed
2026-09-18 08:50,67877,1.91,0.00,56,Greed
2026-09-18 09:04,68125,2.09,0.37,56,Greed
2026-09-18 09:23,68166,2.04,0.06,56,Greed
2026-09-18 09:36,67981,1.82,-0.27,56,Greed
2026-09-18 09:49,67994,2.00,0.02,56,Greed
2026-09-18 10:04,68037,2.34,0.06,56,Greed
2026-09-18 10:23,68047,2.40,0.01,56,Greed
2026-09-18 10:36,68121,2.49,0.11,56,Greed
2026-09-18 10:49,68141,2.60,0.03,56,Greed
2026-09-18 11:04,68177,2.50,0.05,56,Greed
2026-09-18 11:22,68042,2.27,-0.20,56,Greed
2026-09-18 11:35,68085,2.44,0.06,56,Greed
2026-09-18 11:48,68062,2.52,-0.03,56,Greed
2026-09-18 12:05,68027,2.13,-0.05,56,Greed
2026-09-18 12:27,68041,1.68,0.02,56,Greed
2026-09-18 12:42,68121,1.81,0.12,56,Greed
2026-09-18 12:54,68055,1.84,-0.10,56,Greed
2026-09-18 13:04,68008,1.81,-0.07,56,Greed
2026-09-18 13:22,68078,2.10,0.10,56,Greed
2026-09-18 13:35,68202,2.72,0.18,56,Greed
2026-09-18 13:49,69493,4.71,1.89,56,Greed
2026-09-18 14:04,69904,5.08,0.59,56,Greed
2026-09-18 14:23,70375,5.33,0.67,56,Greed
2026-09-18 14:36,70355,5.29,-0.03,56,Greed
2026-09-18 14:50,70501,5.77,0.21,56,Greed
2026-09-18 15:04,70521,6.06,0.03,56,Greed
2026-09-18 15:23,70502,6.09,-0.03,56,Greed
2026-09-18 15:36,70421,5.73,-0.11,56,Greed
2026-09-18 15:49,70316,5.36,-0.15,56,Greed
2026-09-18 16:03,70369,5.27,0.08,56,Greed
2026-09-18 16:22,70606,5.74,0.34,56,Greed
2026-09-18 16:35,70756,6.04,0.21,56,Greed
2026-09-18 16:48,70522,5.65,-0.33,56,Greed
2026-09-18 17:04,70440,5.31,-0.12,56,Greed
2026-09-18 17:20,70404,5.22,-0.05,56,Greed
2026-09-18 17:33,70245,4.93,-0.23,56,Greed
2026-09-18 17:47,70313,5.34,0.10,56,Greed
2026-09-18 18:04,70481,5.60,0.24,56,Greed
2026-09-18 18:24,70438,5.39,-0.06,56,Greed
2026-09-18 18:37,70511,5.68,0.10,56,Greed
2026-09-18 18:49,70506,5.68,-0.01,56,Greed
2026-09-18 19:04,70450,5.62,-0.08,56,Greed
2026-09-18 19:21,70697,6.08,0.35,56,Greed
2026-09-18 19:33,70671,5.97,-0.04,56,Greed
2026-09-18 19:47,70692,6.06,0.03,56,Greed
2026-09-18 20:04,70606,5.93,-0.12,56,Greed
2026-09-18 20:22,70671,5.89,0.09,56,Greed
2026-09-18 20:35,70502,5.65,-0.24,56,Greed
2026-09-18 20:48,70654,6.02,0.22,56,Greed
2026-09-18 21:04,70615,5.94,-0.06,56,Greed
2026-09-18 21:21,70616,6.03,0.00,56,Greed
2026-09-18 21:34,70639,5.95,0.03,56,Greed
2026-09-18 21:47,70683,6.09,0.06,56,Greed
2026-09-18 22:04,70676,6.27,-0.01,56,Greed
2026-09-18 22:22,70763,6.56,0.12,56,Greed
2026-09-18 22:34,70675,6.39,-0.12,56,Greed
2026-09-18 22:47,70607,6.13,-0.10,56,Greed
2026-09-18 23:04,70656,6.14,0.07,56,Greed
2026-09-18 23:22,70604,6.03,-0.07,56,Greed
2026-09-18 23:33,70470,5.87,-0.19,56,Greed
2026-09-18 23:47,70414,5.81,-0.08,56,Greed
2026-09-19 00:05,70392,5.76,-0.03,71,Greed
2026-09-19 00:29,70565,6.22,0.25,71,Greed
2026-09-19 00:43,70713,6.36,0.21,71,Greed
2026-09-19 00:54,70774,6.31,0.09,71,Greed
2026-09-19 01:03,71074,6.59,0.42,71,Greed
2026-09-19 01:22,70636,5.93,-0.62,71,Greed
2026-09-19 01:35,70645,5.96,0.01,71,Greed
2026-09-19 01:49,70692,5.89,0.07,71,Greed
2026-09-19 02:04,70727,5.86,0.05,71,Greed
2026-09-19 02:22,70796,6.00,0.10,71,Greed
2026-09-19 02:35,70820,5.71,0.03,71,Greed
2026-09-19 02:48,70740,5.64,-0.11,71,Greed
2026-09-19 03:04,70762,5.59,0.03,71,Greed
2026-09-19 03:22,70648,4.91,-0.16,71,Greed
2026-09-19 03:36,70598,4.84,-0.07,71,Greed
2026-09-19 03:48,70636,4.92,0.05,71,Greed
2026-09-19 04:04,70588,4.86,-0.07,71,Greed
2026-09-19 04:22,70617,4.98,0.04,71,Greed
2026-09-19 04:35,70515,4.98,-0.14,71,Greed
2026-09-19 04:48,70454,4.66,-0.09,71,Greed
2026-09-19 05:03,70503,4.52,0.07,71,Greed
2026-09-19 05:21,70545,4.58,0.06,71,Greed
2026-09-19 05:34,70539,4.36,-0.01,71,Greed
2026-09-19 05:47,70513,4.51,-0.04,71,Greed
2026-09-19 06:05,70539,4.48,0.04,71,Greed
2026-09-19 06:26,70458,4.26,-0.11,71,Greed
2026-09-19 06:40,70543,4.51,0.12,71,Greed
2026-09-19 06:52,70543,4.64,0.00,71,Greed
2026-09-19 07:03,70537,4.45,-0.01,71,Greed
2026-09-19 07:21,70671,4.43,0.19,71,Greed
2026-09-19 07:34,70570,4.19,-0.14,71,Greed
2026-09-19 07:48,70532,4.21,-0.05,71,Greed
2026-09-19 08:04,70566,4.14,0.05,71,Greed
2026-09-19 08:23,70762,4.28,0.28,71,Greed
2026-09-19 08:36,70775,4.30,0.02,71,Greed
2026-09-19 08:49,70796,4.29,0.03,71,Greed
2026-09-19 09:03,70780,3.83,-0.02,71,Greed
2026-09-19 09:22,70882,3.99,0.14,71,Greed
2026-09-19 09:35,70834,4.22,-0.07,71,Greed
2026-09-19 09:47,70748,4.08,-0.12,71,Greed
2026-09-19 10:04,70796,4.06,0.07,71,Greed
2026-09-19 10:22,70796,4.05,0.00,71,Greed
2026-09-19 10:34,70774,3.88,-0.03,71,Greed
2026-09-19 10:47,70757,3.85,-0.02,71,Greed
2026-09-19 11:03,70731,3.74,-0.04,71,Greed
2026-09-19 11:21,70834,4.08,0.15,71,Greed
2026-09-19 11:34,70783,3.98,-0.07,71,Greed
2026-09-19 11:47,70784,4.00,0.00,71,Greed
2026-09-19 12:04,70803,4.09,0.03,71,Greed
2026-09-19 12:26,70752,4.00,-0.07,71,Greed
2026-09-19 12:40,70776,3.90,0.03,71,Greed
2026-09-19 12:51,70764,3.99,-0.02,71,Greed
2026-09-19 13:03,70803,4.18,0.06,71,Greed
2026-09-19 13:22,70811,4.00,0.01,71,Greed
2026-09-19 13:34,70761,3.77,-0.07,71,Greed
2026-09-19 13:47,70763,2.27,0.00,71,Greed
2026-09-19 14:03,70836,1.36,0.10,71,Greed
2026-09-19 14:21,70931,0.79,0.13,71,Greed
2026-09-19 14:34,71033,0.97,0.14,71,Greed
2026-09-19 14:47,71000,0.81,-0.05,71,Greed
2026-09-19 15:03,71044,0.78,0.06,71,Greed
2026-09-19 15:21,71147,0.90,0.14,71,Greed
2026-09-19 15:34,71077,0.96,-0.10,71,Greed
2026-09-19 15:47,71304,1.42,0.32,71,Greed
2026-09-19 16:04,71084,1.02,-0.31,71,Greed
2026-09-19 16:22,71245,0.86,0.23,71,Greed
2026-09-19 16:35,71297,0.77,0.07,71,Greed
2026-09-19 16:48,71277,1.15,-0.03,71,Greed
2026-09-19 17:04,71237,1.17,-0.06,71,Greed
2026-09-19 17:20,71172,1.17,-0.09,71,Greed
2026-09-19 17:32,71028,1.20,-0.20,71,Greed
2026-09-19 17:47,70972,0.90,-0.08,71,Greed
2026-09-19 18:04,70967,0.73,-0.01,71,Greed
2026-09-19 18:23,70949,0.71,-0.03,71,Greed
2026-09-19 18:36,70905,0.56,-0.06,71,Greed
2026-09-19 18:49,70960,0.63,0.08,71,Greed
2026-09-19 19:03,70928,0.68,-0.05,71,Greed
2026-09-19 19:19,70885,0.30,-0.06,71,Greed
2026-09-19 19:32,70898,0.34,0.02,71,Greed
2026-09-19 19:47,70833,0.21,-0.09,71,Greed
2026-09-19 20:03,70876,0.37,0.06,71,Greed
2026-09-19 20:22,70837,0.24,-0.06,71,Greed
2026-09-19 20:35,70776,0.37,-0.09,71,Greed
2026-09-19 20:47,70774,0.18,-0.00,71,Greed
2026-09-19 21:03,70676,0.06,-0.14,71,Greed
2026-09-19 21:21,70555,-0.06,-0.17,71,Greed
2026-09-19 21:33,70568,-0.10,0.02,71,Greed
2026-09-19 21:47,70558,-0.14,-0.01,71,Greed
2026-09-19 22:04,70577,-0.18,0.03,71,Greed
2026-09-19 22:21,70584,-0.25,0.01,71,Greed
2026-09-19 22:34,70609,-0.11,0.04,71,Greed
2026-09-19 22:47,70743,0.21,0.19,71,Greed
2026-09-19 23:03,70759,0.15,0.02,71,Greed
2026-09-19 23:20,70799,0.26,0.06,71,Greed
2026-09-19 23:32,70790,0.45,-0.01,71,Greed
2026-09-19 23:47,70782,0.55,-0.01,71,Greed
2026-09-20 00:05,70750,0.54,-0.05,71,Greed
2026-09-20 00:31,70808,0.34,0.08,71,Greed
2026-09-20 00:52,70798,0.04,-0.01,71,Greed
2026-09-20 01:03,70792,-0.35,-0.01,71,Greed
2026-09-20 01:22,70690,0.10,-0.14,71,Greed
2026-09-20 01:34,70625,-0.03,-0.09,71,Greed
2026-09-20 01:48,70617,-0.13,-0.01,71,Greed
2026-09-20 02:04,70619,-0.14,0.00,71,Greed
2026-09-20 02:23,70591,-0.28,-0.04,71,Greed
2026-09-20 02:35,70500,-0.43,-0.13,71,Greed
2026-09-20 02:49,70225,-0.73,-0.39,71,Greed
2026-09-20 03:04,69995,-1.07,-0.33,71,Greed
2026-09-20 03:23,69996,-0.93,0.00,71,Greed
2026-09-20 03:36,70013,-0.83,0.02,71,Greed
2026-09-20 03:49,69991,-0.92,-0.03,71,Greed
2026-09-20 04:04,70088,-0.72,0.14,71,Greed
2026-09-20 04:23,69976,-0.90,-0.16,71,Greed
2026-09-20 04:36,70047,-0.63,0.10,71,Greed
2026-09-20 04:49,69991,-0.63,-0.08,71,Greed
2026-09-20 05:04,70046,-0.67,0.08,71,Greed
2026-09-20 05:21,70131,-0.57,0.12,71,Greed
2026-09-20 05:35,70163,-0.54,0.05,71,Greed
2026-09-20 05:48,70105,-0.57,-0.08,71,Greed
2026-09-20 06:04,70096,-0.58,-0.01,71,Greed
2026-09-20 06:26,70095,-0.49,-0.00,71,Greed
2026-09-20 06:40,70052,-0.70,-0.06,71,Greed
2026-09-20 06:52,70016,-0.75,-0.05,71,Greed
2026-09-20 07:03,69932,-0.87,-0.12,71,Greed
2026-09-20 07:21,69955,-1.00,0.03,71,Greed
2026-09-20 07:34,70004,-0.79,0.07,71,Greed
2026-09-20 07:47,69959,-0.79,-0.06,71,Greed
2026-09-20 08:04,69964,-0.85,0.01,71,Greed
2026-09-20 08:23,70026,-1.03,0.09,71,Greed
2026-09-20 08:36,70005,-1.10,-0.03,71,Greed
2026-09-20 08:48,69899,-1.27,-0.15,71,Greed
2026-09-20 09:04,69889,-1.27,-0.01,71,Greed
2026-09-20 09:22,69918,-1.42,0.04,71,Greed
2026-09-20 09:34,70009,-1.13,0.13,71,Greed
2026-09-20 09:47,70140,-0.90,0.19,71,Greed
2026-09-20 10:04,70098,-0.99,-0.06,71,Greed
2026-09-20 10:22,69999,-1.13,-0.14,71,Greed
2026-09-20 10:35,70006,-1.08,0.01,71,Greed
2026-09-20 10:48,69973,-1.16,-0.05,71,Greed
2026-09-20 11:04,69945,-1.18,-0.04,71,Greed
2026-09-20 11:21,69944,-1.25,-0.00,71,Greed
2026-09-20 11:34,70046,-1.00,0.15,71,Greed
2026-09-20 11:47,70054,-1.04,0.01,71,Greed
2026-09-20 12:04,70050,-1.07,-0.01,71,Greed
2026-09-20 12:26,70019,-1.03,-0.04,71,Greed
2026-09-20 12:40,69981,-1.12,-0.05,71,Greed
2026-09-20 12:51,69984,-1.13,0.00,71,Greed
2026-09-20 13:03,70090,-1.01,0.15,71,Greed
2026-09-20 13:22,70126,-0.92,0.05,71,Greed
2026-09-20 13:34,70111,-0.92,-0.02,71,Greed
2026-09-20 13:48,70148,-0.87,0.05,71,Greed
2026-09-20 14:04,70177,-0.93,0.04,71,Greed
2026-09-20 14:21,70082,-1.21,-0.14,71,Greed
2026-09-20 14:34,70130,-1.31,0.07,71,Greed
2026-09-20 14:48,70217,-1.15,0.12,71,Greed
2026-09-20 15:03,70355,-1.00,0.20,71,Greed
2026-09-20 15:22,70422,-0.96,0.10,71,Greed
2026-09-20 15:34,70330,-1.07,-0.13,71,Greed
2026-09-20 15:48,70402,-1.15,0.10,71,Greed
2026-09-20 16:04,70418,-0.91,0.02,71,Greed
2026-09-20 16:22,70606,-0.90,0.27,71,Greed
2026-09-20 16:35,70747,-0.78,0.20,71,Greed
2026-09-20 16:48,70913,-0.49,0.23,71,Greed
2026-09-20 17:03,70795,-0.62,-0.17,71,Greed
2026-09-20 17:21,70774,-0.55,-0.03,71,Greed
2026-09-20 17:33,70727,-0.40,-0.07,71,Greed
2026-09-20 17:47,70882,-0.15,0.22,71,Greed
2026-09-20 18:05,70661,-0.45,-0.31,71,Greed
2026-09-20 18:24,70737,-0.31,0.11,71,Greed
2026-09-20 18:37,70761,-0.25,0.03,71,Greed
2026-09-20 18:48,70736,-0.32,-0.04,71,Greed
2026-09-20 19:03,70613,-0.44,-0.17,71,Greed
2026-09-20 19:19,70572,-0.45,-0.06,71,Greed
2026-09-20 19:32,70647,-0.32,0.11,71,Greed
2026-09-20 19:47,70704,-0.20,0.08,71,Greed
2026-09-20 20:04,70670,-0.29,-0.05,71,Greed
2026-09-20 20:21,70648,-0.29,-0.03,71,Greed
2026-09-20 20:35,70631,-0.18,-0.02,71,Greed
2026-09-20 20:47,70623,-0.23,-0.01,71,Greed
2026-09-20 21:03,70543,-0.22,-0.11,71,Greed
2026-09-20 21:21,70379,-0.22,-0.23,71,Greed
2026-09-20 21:34,70456,-0.12,0.11,71,Greed
2026-09-20 21:47,70377,-0.29,-0.11,71,Greed
2026-09-20 22:03,70512,-0.09,0.19,71,Greed
2026-09-20 22:21,70661,0.11,0.21,71,Greed
2026-09-20 22:34,70672,0.07,0.02,71,Greed
2026-09-20 22:48,70679,-0.06,0.01,71,Greed
2026-09-20 23:04,70701,-0.08,0.03,71,Greed
2026-09-20 23:21,70716,-0.08,0.02,71,Greed
2026-09-20 23:33,70682,-0.16,-0.05,71,Greed
2026-09-20 23:47,70770,-0.03,0.12,71,Greed
2026-09-21 00:05,70843,0.16,0.10,70,Greed
2026-09-21 00:30,71201,0.56,0.51,70,Greed
2026-09-21 00:52,71102,0.43,-0.14,70,Greed
2026-09-21 01:04,71016,0.32,-0.12,70,Greed
2026-09-21 01:22,71214,0.74,0.28,70,Greed
2026-09-21 01:36,70899,0.41,-0.44,70,Greed
2026-09-21 01:50,70829,0.29,-0.10,70,Greed
2026-09-21 02:03,70538,-0.14,-0.41,70,Greed
2026-09-21 02:23,70916,0.48,0.54,70,Greed
2026-09-21 02:36,70693,0.31,-0.31,70,Greed
2026-09-21 02:50,70764,0.80,0.10,70,Greed
2026-09-21 03:04,70850,1.34,0.12,70,Greed
2026-09-21 03:24,70883,1.12,0.05,70,Greed
2026-09-21 03:38,71008,1.48,0.18,70,Greed
2026-09-21 03:51,70984,1.31,-0.03,70,Greed
2026-09-21 04:04,70953,1.28,-0.04,70,Greed
2026-09-21 04:24,70810,1.19,-0.20,70,Greed
2026-09-21 04:38,70849,1.15,0.06,70,Greed
2026-09-21 04:51,70972,1.38,0.17,70,Greed
2026-09-21 05:04,70921,1.26,-0.07,70,Greed
2026-09-21 05:23,70915,1.12,-0.01,70,Greed
2026-09-21 05:36,71221,1.51,0.43,70,Greed
2026-09-21 05:50,71111,1.40,-0.15,70,Greed
2026-09-21 06:06,71108,1.51,-0.00,70,Greed
2026-09-21 06:30,71299,1.75,0.27,70,Greed
2026-09-21 06:54,71119,1.66,-0.25,70,Greed
2026-09-21 07:05,71138,1.68,0.03,70,Greed
2026-09-21 07:25,71143,1.67,0.01,70,Greed
2026-09-21 07:38,71020,1.51,-0.17,70,Greed
2026-09-21 07:51,71032,1.53,0.02,70,Greed
2026-09-21 08:04,71316,1.83,0.40,70,Greed
2026-09-21 08:25,71521,2.17,0.29,70,Greed
2026-09-21 08:38,71975,2.83,0.63,70,Greed
2026-09-21 08:50,72882,4.30,1.26,70,Greed
2026-09-21 09:04,72965,4.37,0.11,70,Greed
2026-09-21 09:24,73181,4.58,0.30,70,Greed
2026-09-21 09:37,73863,5.37,0.93,70,Greed
2026-09-21 09:50,74020,5.61,0.21,70,Greed
2026-09-21 10:04,73762,5.21,-0.35,70,Greed
2026-09-21 10:23,73658,5.28,-0.14,70,Greed
2026-09-21 10:36,73494,4.98,-0.22,70,Greed
2026-09-21 10:49,73329,4.80,-0.22,70,Greed
2026-09-21 11:04,73529,5.15,0.27,70,Greed
2026-09-21 11:23,73662,5.28,0.18,70,Greed
2026-09-21 11:37,73789,5.34,0.17,70,Greed
2026-09-21 11:50,73788,5.31,-0.00,70,Greed
2026-09-21 12:05,73919,5.49,0.18,70,Greed
2026-09-21 12:26,74146,5.91,0.31,70,Greed
2026-09-21 12:40,74257,6.10,0.15,70,Greed
2026-09-21 12:51,74183,5.98,-0.10,70,Greed
2026-09-21 13:03,74226,5.88,0.06,70,Greed
2026-09-21 13:23,74140,5.73,-0.12,70,Greed
2026-09-21 13:36,74064,5.69,-0.10,70,Greed
2026-09-21 13:50,74373,6.03,0.42,70,Greed
2026-09-21 14:04,74507,5.99,0.18,70,Greed
2026-09-21 14:24,74613,6.44,0.14,70,Greed
2026-09-21 14:37,74878,6.71,0.36,70,Greed
2026-09-21 14:51,74852,6.58,-0.03,70,Greed
2026-09-21 15:03,74876,6.33,0.03,70,Greed
2026-09-21 15:22,75115,6.71,0.32,70,Greed
2026-09-21 15:35,74846,6.48,-0.36,70,Greed
2026-09-21 15:50,75098,6.61,0.34,70,Greed
